Firstname,Lastname,Pos,Team,Level,Pro Years
George,Tyler,1B,LYNC,AA,0
Jerry,Maisey Jr,C,BILL,A,0
Dutch,van der Linde,1B,RICH,ML,2
Ken,Bell,1B,IDA,AA,0
Clyde,Lafleur,C,HART,AAA,0
Bernard,Justice,2B,WISC,AA,0
Dan,Matos,RF,LOUI,ML,3
Amado,Gonzales,1B,BILL,AAA,0
Angel,Maduena,CF,LOUI,AAA,0
Brett,Miller,3B,SAV,AAA,0
Ed,Credle,2B,LYNC,AAA,0
Renaldo,Kuhlman,C,Free Agent,A,0
Greg,Prasad,1B,OMA,A,0
Bill,Protzman,C,MAHO,AAA,0
Nick,Seabreeze,2B,OMA,A,0
Cody,Wilson,2B,CASP,AAA,0
Ed,Weiler,1B,BOW,AA,0
Elbert,Folk,SS,IDA,ML,5
Ed,Guadeloupe,CF,ROCK,AAA,0
Ed,Chapin,2B,Free Agent,A,0
Leslie,Yeadon,C,ELP,AAA,0
Bill,Boyd,3B,ELP,A,0
Arthur,Williams,SS,IDA,A,0
Rich,Taibl,LF,CASP,A,0
Marcus,Weaver,P,Free Agent,A,2
Mike,Mangum,CF,ELP,A,0
Leroy,Vantrump,CF,LYNC,A,5
Wade,Bayes,P,SUGR,A,7
Wade,Breaker,RF,CORP,AAA,0
Roberto,Blackshear,SS,Free Agent,A,0
Russell,Blasko,2B,ROCK,AAA,0
Bobby,Marzano,P,OMA,ML,2
Terry,Trotta,P,LYNC,ML,8
Fred,Williams,P,Free Agent,A,11
Tom,Calfee,LF,ELP,ML,0
Aubrey,Epping,P,LYNC,ML,7
Aubrey,Curtsinger,P,SCRN,AAA,0
Tracy,Wassmann,P,BILL,ML,9
Wallace,Umberger,SS,OMA,AAA,0
Johnny,Adams,SS,ELP,AA,0
Moses,Lauth,RF,BANG,AA,0
Elias,Hopf,P,LOUI,AAA,1
Bill,Acheson,P,Free Agent,A,3
Dave,Chisolm,SS,Free Agent,A,0
Shosei,Go,LF,BANG,AA,0
Geoffrey,Stelly,RF,Free Agent,A,0
Anthony,Mayer,P,MAHO,ML,1
Rico,Fuentes,P,OMA,AA,0
Shane,Matthews,RF,MAIN,A,0
Joe,Colatruglio,P,MAHO,A,0
Matthew,Theriot,P,MAHO,A,0
Reno,Reynolds,P,EDMO,A,0
Shaun,Case,P,Free Agent,A,0
Robin,Brown,P,CHAT,AA,0
Julio,Hackleman,P,Free Agent,A,0
Roy,Elton,P,Free Agent,A,8
Ben,Huff,P,BANG,A,0
Ross,Degree,P,Free Agent,A,0
Tomas,Grant,P,OMA,AA,0
Bill F.,Wright,P,HART,AAA,0
Howard,Dieringer,P,WISC,AA,0
Quintin,Whitehead,P,BILL,ML,3
Travis,Gallegos,P,LOUI,A,0
Randy,Pierce,P,EDMO,AA,0
Jack,Whitworth,RF,PEOR,ML,4
Ezra,Snyder,RF,SJ,A,10
Jeff,Beals,P,CORP,AAA,0
Samuel,Stuckey,LF,ELP,ML,0
Edward,Ruber,P,SUGR,ML,1
Clay,Hollie,1B,BOW,AAA,0
Chris,Gainey,P,ALTO,A,0
Pat,Murcia,P,SUGR,A,0
Jeffrey,Louis,SS,SAV,AAA,0
Aaron,Tran,P,Free Agent,A,0
Sammy,Willis,RF,TIJ,AAA,0
Ted,Cousins,P,ELP,A,0
Caleb,Holdaway,P,HART,A,0
Galen,Ramos,P,IDA,AAA,0
Herbert,Boyer,P,CHAT,AA,0
Floyd,Rule,P,BILL,AAA,0
Jeremiah,Carpenter,2B,AMAR,ML,2
Parker,Maxenry,1B,IDA,ML,2
Archie,Redcay,P,ROCK,A,0
Stanley,Laliberte,P,CORP,AAA,0
Guadalupe,Dyson,C,CHAT,AA,0
Tex,Robleto,SS,SAV,A,5
Bill,Sutcliffe,3B,IDA,A,0
Peter,Foulk,P,MAHO,ML,1
Eric,Bouton,RF,PORT,A,0
Wade,Valcourt,3B,AMAR,A,0
Chase,Anderson,3B,AMAR,A,0
Brian,Bogatitus,CF,SAV,A,0
Brian,Kuhn,P,PORT,ML,7
Joe,Conger,RF,LYNC,A,0
Eugene,Kaushiva,3B,Free Agent,A,0
Ruben,Auna,CF,PEOR,ML,5
Larry,Wilson,2B,ELP,ML,1
Jim,Collins,RF,WISC,A,0
Marcellus,Davis,C,LYNC,AA,0
Samuel,Ratchett,SS,SUGR,AAA,0
Jacob,Wallett,C,SAV,A,0
Ken,McKim,LF,EDMO,AA,0
Darrel,Dawson,1B,TIJ,ML,9
Ron,Alsobrooks,2B,SJ,ML,1
Jesus,Hilderbrandt,1B,PEOR,A,0
Joe,Levi,2B,MAHO,A,0
Ed,Araiza,3B,OMA,A,0
Jonathan,Turrentine,SS,OMA,A,0
Eliseo,Holland,LF,LYNC,A,0
Chad,Brown,C,Free Agent,A,0
Vincent,Sodano,P,RICH,AA,0
Archie,Birr,LF,SCRN,AAA,0
Lorenzo,Spencer,C,LOUI,AAA,0
Andrew,Quince,CF,CHAT,AA,0
Jessie,Grady,CF,BILL,A,0
Dan,Carnathan,RF,CASP,ML,1
Enoch,Sanchez,3B,AMAR,AA,0
Louis,Cone,1B,PEOR,AAA,0
Luis,Malave,1B,RICH,AA,0
Paul,Losser,P,Free Agent,A,2
Wilfredo,Dominique,C,AMAR,AA,0
Nelson,Hunter,RF,CHAT,A,0
Jason,Feldman,RF,CHAT,AA,0
Terry,Plunkett,RF,ROCK,AAA,0
Mathew,Zange,P,OKC,A,10
Ron,Stamper,P,MIDL,A,0
Ray,Feng,RF,Free Agent,A,0
Jerome,Epperson,RF,IDA,AA,0
Mark,Lazarus,RF,CHAT,AAA,0
Ken,Giggey,P,MIDL,A,5
Jeffrey,Eron,P,HART,A,0
Alfred,Shaw,3B,IDA,AAA,0
Tim,Armes,P,LYNC,AAA,0
Kevin,Neyland,CF,PEOR,AAA,1
Mike,Pedraja,P,ELP,ML,2
Anthony,Gerould,P,OMA,AA,0
Mark,Hamill,2B,SCRN,ML,8
Lefty,Davis,P,RICH,ML,14
Dante,Taylor,3B,BANG,AA,0
Ron,Lanier,1B,CASP,AAA,0
Brandon,Kelly,P,SUGR,A,0
Raymond,Goan,P,Free Agent,A,0
Michael,Hall,P,Free Agent,A,0
Forrest,Williamson,P,Free Agent,A,0
Dwight,Manfredi,C,MAIN,AA,0
Cliff,Nice,P,PORT,AAA,0
Gary,Escarcega,P,ELP,A,0
Jorge,Dutt,C,CORP,AA,0
Chester,Morris,SS,RICH,ML,2
Jeffry,Kottman,P,Free Agent,A,0
Jason,Hermanstorfer,P,AMAR,A,0
Ferdinand,Perreira,LF,CHAT,ML,1
Hunter,Rodriguez,P,Free Agent,A,0
Johnny,Martin,P,HART,A,5
Nestor,Gutterrez,2B,LOUI,ML,0
Douglas,Reese,P,OKC,A,0
Johnnie,Kulju,P,MIDL,A,0
George,Millet,P,Free Agent,A,9
Ray,Massar,RF,RICH,ML,5
John,McKesson,2B,WISC,AAA,0
Gus,Cantrell,P,ROCK,AA,0
Wilbur,King,LF,BANG,AAA,0
Shawn,Leatherman,P,LOUI,AA,0
Greg,Rowe,CF,TIJ,AAA,0
Abraham,Liv,CF,AMAR,AAA,0
Morris,Parsons,P,SAV,ML,0
Radon,Randell,P,SJ,AA,0
Jack,Miller,P,SJ,A,0
Joshua,Janocha,P,LAKE,A,0
Jack,Fields,C,MAHO,ML,8
Sriracha,Jackson,P,BANG,AA,0
Mike,Egge,P,CHAT,A,0
Deebo,Davis,P,OKC,A,0
Raymond,Bond,CF,HART,AA,0
Sherwin,Holmes,P,BANG,AAA,0
Harry,Callahan,P,Free Agent,A,12
John,Barks,P,CASP,ML,3
Paul,Battle,P,RICH,AA,0
Beau,Tobar,2B,EDMO,A,0
Chris,Plane,P,ELP,AAA,0
Augie,Coleman,LF,LYNC,AA,0
Beau,Teruel,SS,Free Agent,A,0
Jackson,Arambula,SS,LYNC,AAA,0
Derrick,Mumpower,SS,WISC,A,0
Shad,Johnson,C,WISC,AA,0
John,Forget,SS,WISC,A,9
Dave,Woldridge,1B,Free Agent,A,0
Rich,Bateman,C,TIJ,A,5
Bernard,Kennebeck,3B,WISC,AAA,0
Joel,Woodruff,2B,MAHO,ML,0
Andres,Bright,C,ROCK,A,4
Eugene,Schissler,C,CHAT,AA,0
Royce,Lockett,CF,Free Agent,A,0
Dave,Nowlin,LF,Free Agent,A,0
Archie,Cobbs Jr,SS,BANG,ML,3
Jacob,Perona,P,SJ,ML,1
Jerome,Eiben,C,ALTO,ML,2
Dante,Alighieri,C,CHAT,ML,4
Jason,Maas,LF,TIJ,ML,4
Petey,Martinez Jr,P,ELP,AAA,0
Brian,Pratt,SS,IDA,AA,0
John,Paetz,3B,MAHO,A,0
Willie,Lavergne,C,WISC,AA,0
George,Brown,LF,BOW,AAA,0
Leonard,Anderson,P,SUGR,AAA,0
Jimmy,Autaubo,LF,MAIN,ML,0
Gaylord,Piraino,3B,CHAT,A,0
Mathew,Coble,SS,Free Agent,A,0
Jason,Reedy,C,SAV,A,0
Freddy,Achecar,1B,BILL,AA,0
Bill,O'Brien,P,TIJ,A,4
Frank,Weeler,LF,SUGR,A,0
Clem,Stanforth,SS,SJ,AAA,0
Taylor,Archuleta,P,RICH,AA,0
Duke,Niece,P,IDA,AA,0
Cecil,Schappert,C,TIJ,A,0
Dave,Hershenson,RF,LYNC,ML,0
Charlie,Egan,CF,Free Agent,A,0
Craig,Cook,P,SCRN,AA,0
Micheal,Schultz,2B,OMA,A,7
Lawrence,Fuller,P,Free Agent,A,0
Jim,Martinez,1B,LYNC,A,0
Kenneth,Cung,2B,LAKE,A,0
Lance,Taylor,1B,BOW,AAA,0
Tracy,Kemplin,3B,SAV,A,0
Chad,Francis,SS,Free Agent,A,0
Judson,Rosa,SS,LOUI,A,0
Jeffery,Ward,P,MAIN,AA,0
Charles,Wehr,RF,CASP,AA,0
Dan,Wilson,LF,PORT,A,0
Lawrence,Roberson,CF,Free Agent,A,0
Dave,Sponsler,CF,MAIN,A,0
Paul,Vassar,C,IDA,AAA,0
John,Rieu,RF,Free Agent,A,0
Bret,Newman,RF,LYNC,A,0
Cleon,Noller,P,Free Agent,A,0
Larry,Tolen,P,Free Agent,A,12
Clifton,Ray,P,MIDL,A,0
Stephen,Oliver,P,EDMO,A,0
Paul,Thomson,P,Free Agent,A,0
Scott,Cash,P,PEOR,A,0
George,Andreason,P,Free Agent,A,0
Virgil,Zeeb,P,OKC,A,0
Will,Sherman,P,ROCK,A,0
Conrad,Sterling,P,LYNC,ML,10
Theodore,Johnson,1B,SCRN,A,10
Andrew,Cooley,P,Free Agent,A,0
Donnell,Idol,P,LAKE,A,0
Geoff,Treadwell,SS,LAKE,ML,4
Rick,Wickwire,P,BOW,A,0
Nelson,Joyner,SS,CORP,A,9
Jon,Close,P,Free Agent,A,0
Bob,Ohm,2B,ROCK,AAA,0
Brian,Jacobi,P,Free Agent,A,0
Bill,Lasley,P,ALTO,A,0
Moya,Muta,2B,IDA,AAA,0
Larry,Helsey,P,PEOR,ML,1
Jerome,Delpapa,2B,ALTO,AA,0
Shaun,Stasiuk,P,Free Agent,A,0
Bryan,Watson,P,MIDL,A,0
Ray,Koenig,CF,TIJ,ML,6
Ken,Nieves,P,CORP,A,0
Myron,Swanson,1B,PEOR,AA,0
Joe,Accurso,P,AMAR,A,0
Anthony,Penn,C,CHAT,AA,0
Mike,Moon,C,Free Agent,A,0
Ryan,Claycomb,3B,Free Agent,A,0
Emanuel,Caplette,LF,ALTO,ML,3
Jose,Martinez,LF,RICH,AAA,0
Humberto,Villescas,3B,LOUI,A,0
Carlos,Bermudez,CF,BOW,A,0
Lynn,Sanders,P,LOUI,A,7
Jeffrey,Cox,2B,CHAT,ML,3
Heriberto,Justus,P,MAHO,ML,6
Guy,Hart,3B,EDMO,AA,0
Terry,Kincaid,1B,RICH,ML,8
Alton,Fogg,CF,ALTO,AA,0
Tom,Nunez,3B,AMAR,A,0
Rich,Dorshorst,2B,Free Agent,A,2
James,Mayans,2B,SAV,AAA,0
Scott,Gibbs,P,WISC,AA,0
Bill,Batchelor,LF,Free Agent,A,0
Maximum,Myer,2B,LAKE,A,11
Beaux,Bonvillain,P,BILL,AAA,0
Ken,Decker,2B,SJ,A,0
Julian,Kinkade,SS,OMA,A,0
Norman,Robinson,CF,EDMO,A,0
Isaac,Birklid,P,MIDL,AAA,0
Glenn,Jacobs,P,ROCK,ML,2
Ramon,Partlow,1B,ELP,AAA,0
Hamlin,Rule,P,SCRN,ML,16
Michael,Dipalma,C,BILL,A,0
Wes,Edes,3B,LOUI,AA,0
Red,Foreman,LF,MAIN,AA,0
Ron,Posner,SS,OMA,AA,0
Kurt,Braddy,1B,LOUI,A,0
Allyn,Franklin,P,TIJ,A,10
Jeff,Adams,2B,WISC,A,14
Hector,Walker,2B,HART,A,0
Jimmy,Koepke,3B,OMA,A,0
Guillermo,Chartier,3B,CASP,AA,0
Chris,Larsen,SS,Free Agent,A,6
Harry,Winberry,SS,AMAR,A,0
Pat,Beraun,2B,Free Agent,A,0
Charles,Michell,LF,Free Agent,A,0
Dink,Stover,P,CHAT,AA,0
Harry,Horner,LF,WISC,A,0
Brian,Bartnik,2B,MAHO,AAA,0
Tristan,Lacava,CF,TIJ,A,13
Stanley,Smitley,LF,Free Agent,A,0
Bernard,Mitchell,C,AMAR,AA,0
Elmer,Oya,P,BILL,AAA,0
Dustin,Finkelstein,P,CORP,AAA,0
Tom,Carbaugh,CF,SJ,A,0
Sylvester,Lott,P,BANG,AAA,0
Rob,Atterson,P,IDA,A,4
Paul,Heuman,RF,MAHO,A,0
Josh,Nielson,P,Free Agent,A,8
Joe,Livengood,P,Free Agent,A,0
Deacon,Allen,RF,PORT,ML,3
Adam,McCollum,P,MAHO,A,0
Bob,Cranor,P,LOUI,A,9
Milo,Wilson,1B,ALTO,AAA,1
Luis,Seagraves,3B,LOUI,ML,8
Alfred,Hooper,1B,HART,ML,0
Randall,Boggs,C,BILL,AA,0
John,Gunlock,P,BANG,A,0
Bill,Lanctot,RF,CHAT,ML,1
Christian,Cunningham,P,Free Agent,A,4
Terrance,Paul,P,ELP,A,0
Mike,Schumer,RF,SAV,AAA,0
Leon,Garza,LF,HART,ML,7
Aaron,Harres,P,Free Agent,A,0
Scottie,Baker,P,PEOR,A,0
Ed,Coffman,P,IDA,AA,0
Dwight,Zimmermann,P,CHAT,AA,0
Duff,Meurer,P,SAV,ML,8
Steven,Marshall,P,CORP,AA,0
Barry,Wilkins,P,BOW,A,0
Jerry,Shubin,P,BANG,A,5
Rob,Jock,C,BILL,AAA,0
Rob,Funez,2B,CORP,AA,0
Joe,Tailor,P,MAHO,A,0
Bill,Dargis,P,RICH,AA,0
Bill,Vigil,P,Free Agent,A,0
Brady,Hosmer,P,OMA,A,14
Julio,Schue,RF,IDA,AAA,0
Juan,Gregory,RF,PEOR,AA,0
John,Hilton,P,MAHO,AA,0
Darwin,Rodriguez,LF,ALTO,ML,1
Isiah,Rann,LF,AMAR,AA,0
Eugene,Litchford,P,SAV,A,0
Paul,Munson,P,Free Agent,A,0
Hector,Moffitt,3B,BOW,ML,0
Chris,Hernandez,2B,CORP,A,10
Rob,Reed,RF,CHAT,AA,0
Hank,Philley,C,CASP,AAA,1
George,Zander,C,OKC,AA,0
Terrell,Gruber,SS,Free Agent,A,0
Dave,Silvester,3B,Free Agent,A,0
George,Fogler,2B,RICH,ML,3
Jonathan,Brouhard,P,CASP,ML,5
Mike,Thaxton,SS,CORP,AAA,0
Dean,Gelzinis,3B,OMA,AA,0
Garland,Paetzold,RF,ELP,AAA,0
Oliver,Hewitt,P,ELP,A,0
Marcelo,Supple,P,ROCK,A,0
Chris,Ragain,LF,SUGR,AAA,0
Otis,Delawder,3B,RICH,AAA,0
John,Childress,RF,SCRN,ML,3
Derek,Gordon,1B,BILL,AA,0
Rich,Manning,P,OKC,A,0
Raymond,Magpusao,P,SJ,AAA,1
Bob,Nakashima,P,EDMO,AAA,0
Kyle,Barrett,P,CHAT,ML,1
Bill,Batiste,3B,BILL,AA,0
Edward,Gilbert,P,RICH,ML,3
Jim,Benallie,P,PEOR,A,0
Thurman,Hupf,2B,CHAT,AAA,2
John,Farrel,P,BOW,AAA,0
Mike,Columbo,1B,EDMO,AAA,0
Michael,Calderon,1B,LYNC,AA,0
Cal,Clevenger,3B,OKC,A,0
Erik,Sarmiento,P,LOUI,A,9
Mark,Castillo,SS,Free Agent,A,0
Glen,Caron,3B,SCRN,AAA,0
Billy,Hand,LF,CASP,AAA,0
Willard,Scott,RF,Free Agent,A,1
Steve,Plaza,C,MIDL,AA,0
Tyson,Brossart,1B,SCRN,AA,0
Herbert,Ediger,1B,Free Agent,A,0
Jeffrey,Brog,3B,SAV,AA,0
John,Dorian,2B,MAIN,ML,5
Dan,Jankowiak,2B,LAKE,AA,0
John,Dugan,C,ELP,AA,0
Ruben,Deroberts,P,HART,ML,0
James,Harrison,3B,Free Agent,A,0
Philip,Korber,3B,CHAT,A,0
Jordan,Cachu,C,BANG,AA,0
Cooper,Hasty,LF,MAIN,A,0
Ethan,Urman,P,EDMO,AAA,0
Adrian,Monk,P,PORT,AA,0
Chuck,Noyes,3B,PORT,AA,0
Hugh,Gorsline,P,SCRN,AA,0
Alberto,Ellis,RF,BANG,AA,0
Sanford,Sanes,P,AMAR,AA,0
Ken,Cuozzo,1B,SAV,A,6
Steven,Reyes,P,Free Agent,A,0
John,Lohman,3B,CASP,A,0
Denzel,Dinh,2B,CHAT,A,0
Alva,Harding,LF,ELP,AA,0
Louis,Mayenschein,3B,LAKE,AA,0
Robert,Boucher,CF,RICH,AA,0
Jarrett,Canady,P,MAIN,ML,2
Robert,Tanniehill,2B,PORT,A,0
Fred,Candelario,P,OKC,ML,1
Pete,Montgomery,P,WISC,AA,0
Douglas,Hernandez,LF,SJ,A,0
Dave,Spatz,2B,ELP,AA,0
Ken,Slaney,SS,PEOR,ML,6
Justin,Combs,1B,CASP,ML,2
Brian,Sidbury,C,MAIN,A,0
Chippy,Hattaway,P,HART,AA,0
Robert,Landry,P,Free Agent,A,0
Aden,Persaud,P,PORT,AA,0
Tommy,Goodwin,P,Free Agent,A,0
Brian,Sargeant,RF,RICH,AA,0
Jose,Morales,P,MAHO,AA,0
Leo,Mayfield,1B,HART,A,0
Don,Thierry,P,MIDL,AA,0
Gerard,Allio,P,ALTO,AA,0
Michael,Afonso,P,HART,AA,0
Henry,Hollenbach,CF,ELP,ML,1
Paul,Watts,P,Free Agent,A,0
Gerard,Gordon,LF,TIJ,AAA,0
Kenneth,Martin,P,SCRN,ML,6
Clinton,Snead,P,Free Agent,A,0
Jim,Goldberg,P,CORP,ML,7
Will,Trujillo,P,LAKE,ML,1
Woodrow,Hieronymus,CF,PEOR,ML,2
Ed,Marotto,CF,CASP,AAA,0
Michael,Thurston,P,LOUI,ML,7
Randall,Killeagle,P,Free Agent,A,0
Sheridan,Whiteside,1B,PEOR,ML,3
Xavier,Gonzales,LF,ELP,AAA,0
Micheal,Delprincipe,RF,LYNC,AAA,0
Lawrence,Butler,C,MAHO,ML,0
Mario,Gray,2B,AMAR,A,0
Alfred,Niedermaier,3B,PORT,A,0
Mark,Crumpton,SS,LAKE,A,0
Grayson,Rodriguez,P,SCRN,ML,4
Neil,Coiner,LF,AMAR,A,0
Jack,Compton,CF,HART,AAA,0
Federico,Maness,2B,BOW,AA,0
Shelby,Clabough,P,SJ,AA,0
Dave,Rongstad,CF,IDA,A,0
Joe,Bautista,RF,SUGR,ML,8
Travis,Hogg,C,SAV,AA,0
Joe,Carpenter,LF,CORP,ML,2
Rudy,Geringer,RF,AMAR,A,0
Erich,McElligott,3B,CASP,AAA,0
Jim,Mattox,3B,SAV,AA,0
Antonio,Shreffler,P,MIDL,A,0
Jim,Coven,P,LOUI,ML,9
Francisco,Sawyer,P,MAHO,ML,5
Marquis,Mercy,P,LAKE,ML,0
Dennis,Colley,P,HART,A,0
George,Brasil,P,LYNC,A,5
Mike,Neighbors,SS,ROCK,AAA,0
Leon,Sampson,P,Free Agent,A,0
George,Bazer,2B,CHAT,AA,0
Thomas,Lavesque,2B,MAHO,AAA,0
Carroll,Bowden,P,PORT,ML,7
James,Cockayne,P,ROCK,AA,0
Paul,Allen,3B,CORP,ML,10
Miguel,Baumler,LF,ALTO,AAA,0
Alfred,Emery,3B,LOUI,ML,2
Lane,Meyer,P,CASP,ML,8
Guadalupe,Stgermain,LF,SAV,ML,1
Jerry,Moore,P,SJ,ML,3
Butch,Jonnson,P,Free Agent,A,0
Vic,Coleman,P,LAKE,A,0
Mike,Barett,C,WISC,AAA,0
Santos,Engquist,3B,SCRN,ML,2
Brian,Chavez,LF,Free Agent,A,0
Guy,Draeger,P,HART,ML,3
Bill,Chee,1B,LAKE,ML,5
Anthony,Shelnutt,C,MIDL,AAA,1
Justin,Cunningham,3B,Free Agent,A,0
David,Copus,P,BANG,ML,5
Jeremy,Bennett,C,Free Agent,A,0
Edgar,McDermott,3B,OMA,AA,0
Heinz,Elfert,P,BANG,A,0
Dominick,Konarski,LF,SCRN,AAA,0
Mike,Burtle,P,SCRN,ML,2
Aaron,Calzada,RF,Free Agent,A,0
Tyler,Jackson,P,LOUI,A,0
Bryan,Locatelli,RF,Free Agent,A,3
Hack,Morrow,SS,Free Agent,A,0
Jerry,Pace,P,EDMO,ML,3
Tyshaun,Chapman,P,BILL,ML,2
Delmer,Pierce,P,RICH,A,0
Jose,Groh,1B,MIDL,ML,10
Brian,Bohnet,P,LOUI,A,0
Tommy,Jones,P,MAHO,A,0
Marshall,Rensch,RF,CASP,AAA,0
Thomas,Onstad,P,ROCK,ML,2
Patrick,Cannellos,2B,CORP,AA,0
Bill,Wiley,1B,LYNC,AA,0
Carl,Luckett,2B,SUGR,AAA,0
Max,Long,P,IDA,A,0
Derek,Martorella,P,ROCK,ML,1
Roger,Meade,P,TIJ,A,17
Hap,Lambert,LF,BANG,ML,17
Mario,Wade,P,LOUI,A,0
Kim,Golden,1B,LYNC,AAA,0
Bruce,Rice,1B,MAHO,AAA,0
Ray,Santoy,1B,OMA,A,0
Lawrence,Sparks,C,OMA,A,0
Scott,Jarvis,2B,BOW,A,0
Tito,Maxwell,1B,HART,A,0
Roger,Stclair,CF,EDMO,AAA,0
Ken,Nowlin,LF,CASP,AA,0
Terry,Mott,C,OMA,A,0
Gerald,Gasaway,SS,BOW,A,0
Jim,Corbin,CF,Free Agent,A,0
Eric,Craghead,SS,Free Agent,A,0
Michael,Flaugher,2B,ALTO,ML,10
Kasey,Larson,P,Free Agent,A,0
Moses,Swopes,C,EDMO,AAA,0
Marquis,Cruz,P,Free Agent,A,0
Cal,Walker,P,OMA,ML,0
Lawrence,Torrance,P,PEOR,ML,4
Sydney,Asquith,P,OMA,AA,0
Colt,Seavers,CF,TIJ,ML,9
Kelvin,Clay,1B,BOW,A,0
Carter,Stone,P,ALTO,AA,0
Charley,Padilla,C,MAHO,A,0
Faustino,Perman,P,SAV,AA,0
Ronald,Santos,P,Free Agent,A,6
Robert,Mason,P,Free Agent,A,0
Braulio,Destefano,P,Free Agent,A,0
Garland,Arrington,CF,SUGR,ML,6
Russell,Klinner,LF,SAV,ML,1
Julio,Freeman,1B,PORT,A,0
Pablo,Huerta,2B,BANG,A,0
Arquimedez,Abramek,P,IDA,A,5
Leon,Fragmin,3B,CHAT,A,0
Henry,Robertson,RF,MAIN,ML,15
Jason,Pasion,P,MIDL,AA,0
Andres,Gray,P,Free Agent,A,0
Rollie,Fingers,P,LYNC,AA,0
Kevin,Rose,P,ALTO,ML,6
Terry,Jackson,P,RICH,AA,0
Norman,Hilderbrand,2B,OKC,AAA,0
Mike,Wadsworth,P,TIJ,ML,0
Frank,Peterson Jr,P,Free Agent,A,0
Lee,Cottingham,P,IDA,AAA,0
Walt,Piscitelli,SS,WISC,A,0
Buzz,Keyser,SS,EDMO,AA,0
Albert,Goettle,LF,ALTO,A,0
Ken,Anderson,LF,Free Agent,A,0
Marc,Mitchell,LF,IDA,AA,0
Blair,Perez,CF,AMAR,A,0
Jeffrey,Betterton,SS,OMA,AAA,0
Jarek,Mitchell,3B,Free Agent,A,0
Buddy,Bounsweet,C,OMA,A,16
Patrick,Latimer,P,LYNC,A,11
Thomas,Batchelor,P,WISC,ML,1
Salvador,Serpe,3B,WISC,ML,14
Roger,Purser,3B,BOW,AAA,0
John,Ricklefs,RF,MAIN,A,0
Lew,Antee,P,AMAR,ML,8
Dennis,Stewart,P,TIJ,AAA,1
Larry,Jenkins,LF,Free Agent,A,0
Scott,Little,C,BOW,ML,1
Barrett,Jackson,CF,Free Agent,A,0
Ernie,Whitehall,3B,BOW,AA,0
Nicholas,Beyerlein,CF,CASP,AA,0
Don,Stevens,P,Free Agent,A,7
Willard,Weedon,P,SUGR,A,0
George,Halsema,P,EDMO,A,0
Anthony,Valsin,LF,SAV,AAA,0
Parker,Johnson,LF,BANG,AA,0
Clarence,Alderman,SS,SAV,AA,0
Vernon,Deleon,CF,BILL,ML,5
Galen,Betcher,P,BANG,A,0
Ken,Nettles,CF,MAHO,ML,1
Glenn,Gagney,P,PORT,A,0
Hank,Blackston,LF,TIJ,A,8
Leon,Goldston,C,Free Agent,A,5
Michael,Scotch,LF,Free Agent,A,0
Francisco,Stoutner,C,TIJ,AA,0
Charlie,Bailey,P,RICH,A,0
Larry,Boner,P,ROCK,A,0
Mike,Hay,P,MAHO,A,0
Steven,Dunlop,2B,SCRN,AA,0
Francis,Anastas,C,Free Agent,A,0
Raymond,Vogel,P,OKC,A,0
Joseph,Kelly,LF,EDMO,ML,7
Paul,Kimball,P,RICH,AAA,0
Taylor,Rose,2B,Free Agent,A,0
Bob,Branham,P,OKC,A,9
Pat,Haselhorst,3B,Free Agent,A,0
Emil,Salzman,LF,BANG,AAA,0
Kevin,Le,P,EDMO,A,0
Terrence,Little,SS,Free Agent,A,0
Bryan,Breheny,2B,AMAR,AAA,0
Perry,Miller,LF,Free Agent,A,0
Mike,Rexroat,3B,AMAR,AAA,0
Rickey,Rubulcaba,LF,CHAT,AAA,0
George,Mills,P,SUGR,A,0
Chris,Prochazka,P,RICH,AA,0
Garrick,Emerson,1B,ROCK,ML,14
Thanh,Schallhorn,P,ROCK,ML,3
Lamont,Boulware,P,BANG,ML,4
Anthony,Pipes,P,TIJ,A,8
Larry,Pecanty,P,MAHO,A,0
Harley,Clipper,P,MAHO,ML,0
Jake,Pearson,LF,CASP,AA,0
Brian,James,P,RICH,ML,6
Willie,Dupont,P,LYNC,AA,0
Mark,Yazzie,C,TIJ,A,0
Efrain,Meres,P,RICH,ML,2
Allen,Whittington,P,SJ,AAA,0
Dave,Harrison,CF,WISC,ML,12
Logan,Shimonek,P,LOUI,ML,8
Jason,Boren,1B,AMAR,AA,0
Jehovah,Williams,1B,Free Agent,A,14
Bruce,Valentin,C,CASP,A,0
Charlie,Edwards,P,PEOR,AAA,0
Sammy,Reed,C,PORT,AA,0
Sylvester,Krapf,P,ALTO,ML,3
Gilbert,Palmer,RF,LYNC,AA,0
Juan,Boetcher,P,LOUI,AA,0
Eduardo,Lindsay,C,TIJ,AA,0
Ozzy,Basset,2B,MIDL,ML,13
Bobby,Brunker,P,MAHO,ML,1
Fernando,Vecchio,3B,AMAR,A,0
Ellie,Williams,P,Free Agent,A,0
Jim,Williams,P,Free Agent,A,0
Lenard,Simon,P,MAHO,AAA,0
Brett,Burns,P,Free Agent,A,0
Mark,Ervin,2B,OMA,AA,0
Jim,Grigg,P,OMA,AA,0
Carmelo,Powers,1B,PORT,ML,5
Rich,Barillas,RF,CASP,A,0
Bill,Owens,RF,BANG,A,0
Marc,Thompson,SS,AMAR,A,0
Scott,Tadych,P,Free Agent,A,0
Joe,Rodgers,C,LOUI,A,0
Jim,Tan,CF,CHAT,AAA,0
Jason,Scott,LF,Free Agent,A,10
Dave,Whirry,2B,ROCK,AA,0
Jim,Blaylock,C,ROCK,ML,2
Arthur,Criswell,P,MAHO,AAA,0
Willie,Nicholas,SS,Free Agent,A,8
Jeffrey,Seeger,P,ROCK,ML,2
John,Kopps,P,Free Agent,A,0
Ruben,Reyes,P,Free Agent,A,0
Paul,Herman,P,PEOR,AAA,0
Bill,Younger,P,CHAT,ML,2
Jim,Renner,1B,TIJ,A,0
Ryan,Rushford,P,Free Agent,A,0
Pat,Chinnici,RF,ELP,ML,1
Henry,Iman,SS,Free Agent,A,0
Jackson,Hampton,2B,HART,A,0
Edmund,Hawkins,3B,TIJ,A,0
Eugene,Salsedo,1B,SCRN,AA,0
Dave,Ashby,P,BANG,AAA,2
Rob,Morales,C,SCRN,ML,7
Riddick,Montgomery,SS,BANG,A,0
Andy,Hager,LF,SAV,A,0
Anthony,Scholl,CF,OMA,A,0
Jose,Ruzzo Jr,RF,Free Agent,A,0
Philip,Turner,CF,AMAR,AAA,0
Bennie,Shelton,RF,CHAT,A,0
Gary,Harkness,P,CASP,AA,0
Rich,Mashack,P,ELP,A,0
Marty,Vielle,C,Free Agent,A,9
Don,Johnson,P,AMAR,A,0
Roger,Nelson,P,ELP,A,0
Willie,Schuett,C,CHAT,AA,0
Bobby,Guntrum,P,OMA,A,0
Dalton,Trumbull,2B,OMA,ML,8
Garland,Deans,RF,LYNC,AA,0
Derek,Moore,P,ELP,A,0
George,Halford,3B,BOW,AAA,0
Andre,McDuffee,P,OMA,A,0
Harold,Deoliveira,SS,Free Agent,A,0
Reginald,Louck,P,BANG,A,0
Ken,Shiro,P,SCRN,ML,2
Eugene,Johnson,P,RICH,A,0
Raymond,Bresett,1B,SUGR,A,4
Francisco,Ahmadi,P,BANG,A,0
James,Martin,2B,BANG,AA,0
Jeffrey,Bell,LF,Free Agent,A,0
Sean,Miller,SS,BOW,AAA,0
Eric,Pacini,P,SCRN,A,0
Frank,Selmon,P,MAIN,AAA,0
Paul,Middlebrooks,2B,WISC,AA,0
Mike,Cloney,CF,Free Agent,A,0
John,DiMaggio,P,MIDL,A,7
Charlie,Potra,3B,ROCK,ML,1
Dave,Nealy,SS,MIDL,AAA,0
George,Lemmon,RF,OMA,A,0
Will,Page,RF,Free Agent,A,0
Denny,Chino,LF,OMA,AA,0
William,Stevens,1B,Free Agent,A,0
Tom,Olmsted,RF,HART,A,0
Deacon,McCook,SS,ALTO,AA,0
Bob,Hammerstone,2B,SCRN,AAA,0
Jody,Spear,C,LOUI,AA,0
Dale,Potter,P,Free Agent,A,0
Charlie,Fox,P,ALTO,AA,0
Wilson,Gallegos,RF,LYNC,A,0
John,Sampogna,CF,MIDL,AAA,0
Rusty,Bloomfield,2B,OKC,A,0
Paul,Reynolds,LF,ELP,AAA,0
Buzz,Johnson,P,OMA,AA,0
Francisco,Wowk,RF,SAV,A,0
Gary,Stewart,P,SCRN,AA,0
Gary,Shakespeare,LF,AMAR,A,0
Norman,McIntosh,CF,MIDL,A,0
George,Simmons,P,SJ,ML,3
Alan,Shroyer,LF,BANG,A,3
Paul,Tsang,P,ALTO,AA,0
Cristopher,Gourdine,C,RICH,A,0
Vernon,Figuroa,P,AMAR,AA,0
Guy,Poindexter,CF,SJ,AA,0
Pat,Harris,SS,BILL,AAA,0
Russel,Davis,1B,MAIN,A,0
Jonathan,Large,P,SUGR,ML,1
Eric,Metzger,P,LAKE,ML,0
Danny,Lopez,LF,IDA,AAA,0
Don,Shoop,P,OMA,AA,0
Joe,Reichard,P,Free Agent,A,0
Paul,Galanis,2B,OMA,A,0
John,Fladger,3B,HART,A,0
Walter,Jackson,SS,HART,A,0
Nathaniel,McKiver,LF,PORT,A,0
Myron,Connell,P,SJ,AAA,2
Wilfred,Moreno,P,PORT,A,3
Angelo,Stoglin,CF,OKC,A,0
Malloy,Hill,P,PORT,ML,13
Len,Beck,P,Free Agent,A,0
Mark,Patterson,2B,EDMO,ML,4
Leroy,Drake,P,CASP,AAA,0
Nathan,Neal,P,AMAR,AAA,0
Albert,Davidson,RF,HART,A,0
Philip,Batty,CF,Free Agent,A,13
Jim,Barris,P,SCRN,A,0
Frederick,Sherwood,P,ALTO,A,0
Matt,Sierra,RF,CORP,AA,0
William,Davenport,SS,Free Agent,A,0
Manuel,Amesquita,P,OMA,AA,0
Jim,Saldana,CF,ROCK,AAA,0
Travis,Jakobsen,1B,EDMO,AA,0
Alan,Laffey,P,ROCK,A,0
Normand,Dagg,C,LYNC,ML,1
Chris,Jansen,P,CORP,ML,4
Dane,Turney,RF,SJ,AAA,0
Luis,Navidad,P,LAKE,ML,8
Justin,Meany,LF,WISC,ML,11
John,Bisch,P,SCRN,A,0
Fred,Fuentes,P,LAKE,AAA,0
Ed,Oakes,P,LAKE,A,0
Tom,Joad,C,Free Agent,A,11
Diego,Cafaro,CF,ROCK,ML,3
George,Martin,2B,Free Agent,A,0
Bruce,Appel,P,ALTO,ML,8
Vincent,Scott,1B,CASP,AA,0
Lawrence,Weeks,P,ELP,A,0
Joey,Shattuck,P,OKC,AA,0
Tito,Torres,P,HART,AAA,7
Jake,Burgman,2B,CASP,AA,0
Roger,Newberry,SS,EDMO,AA,0
Kevin,Crutsinger,P,SAV,ML,8
John,Wigg,P,IDA,A,0
Jaden,Miedema,SS,SJ,ML,1
Glenn,Allen,2B,BANG,ML,1
Ira,Shaver,RF,CHAT,AA,0
Fred,Penner,P,PORT,ML,3
Dorian,Stewart,1B,Free Agent,A,6
Jimmy,Hickok,2B,MIDL,A,9
Luis,Sanchez,P,MAHO,A,0
Robert,Higgins,3B,CHAT,AAA,0
Lee,Washington,P,SCRN,A,0
Jim,Lofredo,P,MIDL,AAA,0
Jeffrey,Baird,P,OMA,A,0
Ed,Carmona Jr,3B,RICH,AA,0
Jim,Savedra,RF,PORT,AA,0
Oliver,Carte,P,HART,AAA,0
Ken,Derosset,3B,ROCK,A,9
Sean,Massar,2B,PORT,AAA,0
Bryan,Madeiros,2B,Free Agent,A,0
Alberto,Thorton,P,CASP,ML,2
Steve,Dishmon,1B,Free Agent,A,3
Tito,Godleski,3B,WISC,AAA,0
Anthony,Standerfer,LF,ELP,AA,0
Jeffery,Foster,3B,SJ,AA,0
Joe,Green,CF,PORT,AAA,0
Ron,Vizcaino,3B,WISC,A,0
Tom,Klein,2B,LYNC,AAA,0
Mike,Tittl,CF,LOUI,AA,0
Ralph,Stone,3B,CORP,A,3
Stanley,Oliff,C,EDMO,ML,0
Delbert,Gustafson,2B,WISC,A,0
Christopher,Johnson,P,LAKE,ML,7
Chris,Whisby,LF,MAHO,ML,4
Murray,Burke,1B,LYNC,A,0
Timothy,Braunbeck,C,RICH,A,0
Varvatos,Vex,3B,CASP,ML,10
Ernesto,Oliver,3B,PORT,A,0
Daniel,Schott,2B,ELP,AA,0
James,Kanae,CF,HART,ML,2
KB,Sides,3B,MIDL,ML,7
Collin,Fountain,1B,OMA,A,0
Marco,Goodwin,P,IDA,AAA,0
Darin,Roberts,P,SAV,ML,1
Jamie,Phillips,1B,CASP,AAA,0
John,Hampton,1B,LOUI,AAA,0
Will,Delena,LF,CHAT,A,0
Martin,Brooks,CF,MAHO,ML,2
Lionel,Abdi,2B,BOW,AAA,0
Bill,Auerbach,P,RICH,AAA,2
Joe,Pickett,2B,LOUI,AA,0
Raymond,Montpetit,C,MAIN,A,0
John,Spenser,P,Free Agent,A,0
Raymond,Bess,2B,ROCK,AA,0
Roger,Heath,P,PEOR,ML,7
Bob,Beery,P,PORT,A,2
Danny,Depugh,P,CASP,ML,2
Christopher,Butscher,P,LOUI,AA,0
Dave,Kalmen,1B,CHAT,A,0
Jeremiah,Derfus,P,MIDL,AAA,0
Jeremy,Nguyen,2B,BANG,A,0
Leon,Paris,RF,RICH,ML,0
Josh,Hommel Jr,CF,Free Agent,A,2
Charlie,Mansfield,P,MIDL,AAA,0
Glen,Jerald,P,MAHO,A,7
Rob,Haddock,3B,MAIN,A,0
Jim,Holguin,SS,BOW,A,0
Joshua,Landowski,LF,AMAR,A,0
Elliott,Frederick,P,Free Agent,A,0
Jim,Vanlaningham,P,Free Agent,A,0
Blake,Rike,P,MAIN,ML,7
Hardy,Reale,CF,SUGR,A,0
Joe,Cady,3B,PORT,AAA,0
Jim,Prato,P,WISC,A,5
Eugene,Walzer,P,SAV,AA,0
Lynn,Disanti,1B,MAIN,ML,4
Guillermo,Moulder,P,LAKE,AA,0
Elroy,Fletcher,P,CHAT,AAA,0
Gregory,Watchman,CF,WISC,A,7
Jim,Fiore,P,RICH,AAA,0
Alberto,Hayes,P,Free Agent,A,0
Anthony,Chong,C,SCRN,AA,0
Jim,Beaman,SS,CORP,A,10
Darren,Smalls,P,OMA,AA,0
Richard,Wright,RF,ALTO,A,0
Tripp,Warning,P,ALTO,AA,0
Joshua,Duchene,P,Free Agent,A,0
Bobby,Getz,P,CORP,AAA,0
John,Piper,1B,SAV,AAA,0
Matt,McCarthy,P,EDMO,A,0
Melvin,Spinelli,P,ALTO,A,0
Darryl,Dehoff,1B,WISC,ML,11
Dallas,Mester,CF,OMA,AAA,0
Juan,Cole,P,CORP,A,0
Martin,Cipolla,P,BANG,A,0
Kelly,Ma,LF,BILL,AAA,0
Steve,Mann,P,AMAR,AAA,0
Mike,Wilkins,SS,SCRN,AAA,1
Noe,Malone,P,MAIN,A,0
Ray,Minecci,P,HART,ML,3
Allan,Dukes,P,ALTO,ML,1
Luis,Greenberg,P,LAKE,ML,5
Enrique,Pannell,P,CHAT,AA,0
Terrance,Cheng,P,MAHO,AAA,0
Tom,Benson,P,CORP,A,3
Randy,Stuckey,P,Free Agent,A,0
Vernon,Spinney,C,BILL,ML,3
Angel,Brown,P,SUGR,A,0
Jody,Blanchard,P,CHAT,AA,0
Lupe,America,P,SUGR,A,0
Sydney,Kozub,P,SCRN,AA,0
Dennis,Gans,P,ROCK,A,0
Jensi,Babblos,1B,ELP,ML,7
Jeff,Buege,P,BANG,A,0
John,Gwynn,P,Free Agent,A,0
Wade,MacDonald,P,ROCK,A,0
Dale,Wirsing,P,RICH,A,0
Klondike,Koffler,3B,BOW,AA,0
Ronald,Nojiri,SS,BANG,AA,0
Derrick,South,RF,BILL,AA,0
Bob,Bodkin,SS,SAV,A,0
Don,Fabian,LF,WISC,AA,0
Ryan,Guyton,SS,LYNC,A,0
Wilson,Allen,1B,ALTO,AA,0
John,Dyson,CF,CORP,ML,7
Hiram,Bastone,SS,Free Agent,A,0
Tripp,Melton,CF,BOW,A,0
Dylan,Spencer,C,RICH,ML,4
Isaiah,Mihara,P,HART,AA,0
Vincent,Black,2B,Free Agent,A,0
Ron,Phillips,SS,TIJ,AA,0
Alberto,Mayfield,C,Free Agent,A,0
Michel,Davis,P,ALTO,ML,1
Carlos,Schrock,1B,PEOR,A,0
Ted,Brafford,3B,CORP,A,0
Lawrence,Farmwald,2B,BOW,AAA,0
Matt,Geeting,3B,IDA,A,0
Mike,Bush,LF,SUGR,AAA,0
Ichiro,Voisin,SS,AMAR,AA,0
Jose,Jolissaint,C,HART,A,0
Chris,Scales,C,WISC,AA,0
Jared,Owen,CF,Free Agent,A,8
Melvin,Stahlhut,1B,PEOR,A,0
Bill,Sampilo,1B,OMA,AA,0
Ronnie,Harris,3B,ALTO,ML,4
Alfred,Oros,LF,Free Agent,A,0
Filiberto,Simmons,2B,TIJ,A,0
Kevin,Ridenhour,P,ALTO,AAA,0
Shawn,Martin,SS,MAIN,ML,0
John,Vanpelt,RF,LYNC,AAA,0
James,Ruef,SS,RICH,AAA,0
Jose,Novembre,P,SCRN,AA,0
Ricky,Simmons,SS,EDMO,ML,1
Booker,Crosno,C,PORT,A,10
Edgar,Myers,RF,PORT,AA,0
Stephen,Clark,3B,CASP,AA,0
Colin,Mayse,3B,LYNC,A,0
Jose,Flannery,C,LOUI,ML,0
Chris,Gadomski,LF,CASP,ML,1
Peter,Schepers,1B,MAHO,ML,9
Angel,Bulls,P,MAHO,ML,6
Sam,Goombi,P,BILL,AA,0
Joe,Garrett,SS,MAIN,AA,0
Walt,Funck,P,MAIN,ML,12
Claude,Holmon,SS,EDMO,ML,3
Jarvis,Lobner,CF,SJ,AA,0
Rod,Loncaric,P,CASP,ML,4
Anthony,McColpin,RF,LYNC,AA,0
Jack,Bennett,RF,Free Agent,A,0
Abel,Hinkle,2B,LOUI,AAA,0
Dan,Tenaglia,P,AMAR,AA,0
Pete,Rolan,P,Free Agent,A,0
Shawn,Patton,P,IDA,AA,0
Roosevelt,Cone,SS,CHAT,A,0
Gordon,Freeman,P,LYNC,ML,4
Jerry,Bush,3B,OMA,AAA,0
Justin,Silva,LF,LYNC,A,0
Steven,Bassford,C,SUGR,ML,7
Wesley,Trotman,P,MIDL,ML,4
Hilario,Cruz,P,EDMO,AAA,0
Gordon,Webb,1B,OMA,AA,0
Patrick,Cheatham,RF,CORP,A,13
Matt,Maas,CF,CHAT,A,0
Jerry,Carbine,RF,OMA,A,0
Joe,Pajtas,C,OKC,ML,4
Ralph,Dion,1B,SUGR,AAA,0
Lee,Bailey,C,BOW,AAA,0
Travis,Garvin,SS,Free Agent,A,11
Andy,Logghe,2B,AMAR,AA,0
Everette,Liberto,SS,ELP,AA,0
Bob,Legerski,P,ALTO,AAA,0
Matt,Phillips,P,CASP,AAA,0
Arthur,Dent,P,HART,ML,2
Ben,Gilboy,P,Free Agent,A,0
Scott,Snyder,LF,BOW,AAA,0
Mike,Seebach,P,Free Agent,A,0
Tom,Hardy,SS,ROCK,AAA,0
Jeffery,Glasper,P,CHAT,A,0
Gordon,Koepp,P,Free Agent,A,0
Emile,Brown,P,Free Agent,A,0
George,Bickford,SS,EDMO,AAA,0
Bruce,Schnetzer,P,OMA,AA,0
Pedro,Blasz,P,Free Agent,A,0
Franklin,Lagasca,P,RICH,A,0
Joe,Dexter,P,BANG,A,1
George,Bevens,P,Free Agent,A,0
Francis,Scott,CF,BILL,AA,0
Craig,Bethany,P,PEOR,A,0
Frederick,Tolbert,P,EDMO,A,0
Cloyce,Emerson,1B,ROCK,AAA,13
Bill,Rodgers,P,SJ,AAA,0
Frank,Vroom,3B,OKC,AAA,0
Casey,Parzych,P,CASP,AAA,0
Matthew,Lee,RF,SAV,AA,0
Bill,Neely,P,Free Agent,A,0
John,Dicey,P,MAIN,A,0
Dean,Knepshield,2B,WISC,A,4
Tink,Marchessault,P,LOUI,A,0
Goldie,Kaaua,C,Free Agent,A,0
Ward,Burton,1B,ROCK,ML,6
Zeke,Zutell,3B,OMA,AA,0
Manny,Ina,C,BOW,AA,0
Seth,Corazza,C,LAKE,AA,0
George,Herbert,P,BOW,ML,6
Ferdie,Johnstone,LF,CASP,AA,0
Ralph,Hudson,2B,SCRN,AAA,0
Anthony,Bray,3B,BOW,AAA,0
Antonio,Trimm,P,ELP,A,0
Kelvin,Armijo,P,ROCK,A,0
Jimmy,Delfavero,3B,PORT,AAA,0
Ron,Sullivant,P,IDA,A,0
Glenn,Fisher,2B,WISC,AAA,0
Sean,Ellis,P,BANG,A,0
Corbin,Loftus,RF,ELP,AA,0
Walter,Tarley,2B,Free Agent,A,0
Robert,Bettenhausen,LF,BILL,AA,0
Lucky,Luciano,P,LYNC,ML,12
Fredrick,Polson,2B,Free Agent,A,0
Tom,McCloud,1B,Free Agent,A,6
Abram,Goldrick,3B,Free Agent,A,0
Rodney,Walsh,3B,RICH,AAA,8
Charlie,Rybarczyk,P,ROCK,A,0
Alexander,Branch,CF,Free Agent,A,0
Bob,Bengochia,LF,SJ,A,0
Keaton,Paradise,C,BILL,ML,0
Freeman,Westmoreland,RF,WISC,ML,1
Andy,Tinnin,1B,ALTO,ML,6
Justin,Breazeale,2B,Free Agent,A,1
Captain,Blood,RF,CASP,ML,8
Ed,Airola,1B,LOUI,ML,1
Larry,Lubinsky,P,BILL,AAA,0
Angus,Young,P,Free Agent,A,4
Dustin,Bisson,1B,BILL,AAA,0
Brian,Miyose,1B,SCRN,AA,0
Clarence,Langlois,CF,Free Agent,A,0
Conan,Teverbaugh,1B,HART,A,0
Salvatore,Blanca,3B,EDMO,ML,7
Gordon,Simmons,3B,SJ,A,0
Kevin,Crockett,LF,ALTO,ML,1
Eric,Musgrove,RF,SAV,AAA,2
Emanuel,Brown,P,WISC,ML,1
Will,Wells,P,EDMO,ML,9
Bill,Kim,C,BILL,A,0
Angel,Marvel,P,BILL,ML,4
Marc,Miller,RF,Free Agent,A,0
Bob,Beidler,1B,BILL,A,0
Rich,Balado,P,ALTO,AAA,0
Clarence,Odbody,CF,CASP,ML,3
Pat,Sprinkle,P,OMA,AA,0
Kelly,Barnhill,P,MIDL,A,12
Rob,Gardner,P,Free Agent,A,0
Alfred,Brown,P,BILL,AA,0
Bill,Browning,P,MAIN,ML,8
Lance,Chavez,CF,WISC,A,0
Tanner,Johnson,2B,OKC,ML,10
Keith,Dunn,LF,PEOR,AAA,0
R.T.,Pugston,P,ROCK,ML,1
Glen,Obringer,P,CASP,AAA,0
Sean,Stewart,C,CASP,A,0
John,Hank,P,ALTO,AA,0
Brian,Staubs,C,Free Agent,A,0
Walt,Pidgeon,2B,PEOR,ML,5
Terry,Savage,CF,ROCK,ML,6
Lester,Flowers,SS,HART,A,5
Todd,Perrow,1B,SAV,A,0
Anthony,Benson,2B,SAV,A,0
Duke,Nukem,P,LYNC,ML,4
Keith,Cools,P,Free Agent,A,0
Vean,Garza,P,ELP,ML,6
Tom,Toma,P,SJ,AA,0
Jesse,Cannon,3B,CHAT,A,0
Walter,Foley,SS,MIDL,A,0
Raymond,Medeiros,P,Free Agent,A,0
Gordon,Jefferson,P,EDMO,ML,1
Maurice,Hoffhines,P,Free Agent,A,0
Eric,Svay,LF,BANG,A,0
Dewitt,Redding,P,Free Agent,A,0
Jose,Doyle,CF,OMA,A,0
Ronnie,Respess,P,HART,AAA,0
Dennis,Sherrod,P,SCRN,AA,0
Jasper,Lopez,P,ALTO,AAA,0
Jason,Jackson,RF,BILL,A,0
Billy,Myers,P,SUGR,AA,0
Jim,Flores,P,CORP,A,0
Elmer,Groote,P,OKC,A,0
Mike,Penley,P,ALTO,A,0
Andrew,McGinnis,SS,IDA,AAA,0
Eric,Mercer,RF,Free Agent,A,0
Frank,Manchester,P,SUGR,A,0
Charlie,Notti,1B,AMAR,ML,1
Dale,Merriweather,SS,CHAT,AAA,0
Joshua,Harrison,CF,BILL,AA,0
Kory,Seumanu,RF,WISC,AA,0
Craig,Coleman,RF,MIDL,ML,3
Wendell,Zboral,P,OKC,ML,1
Braeden,Brown,P,MAHO,A,0
Harold,Ramsey,P,ELP,ML,7
Howie,Dalton,C,Free Agent,A,0
Michael,Kesselman,P,LOUI,AA,0
Jason,Franklin,RF,ALTO,AAA,0
Cody,Rowe Jr,P,SUGR,ML,0
Carl,Aldrich,C,Free Agent,A,0
Keven,Broten,C,CASP,AA,0
Brett,Ashley,2B,Free Agent,A,0
Mo,Ascher,3B,RICH,AAA,0
Hector,Gonzalez,P,PORT,A,0
Jim,Staberg,P,BANG,AAA,1
Jeff,O'Connell,P,CORP,A,0
Ed,Hoskins,P,MIDL,A,0
Trip,Truxillo,2B,ALTO,AA,0
Gus,Chiggins,LF,SUGR,A,1
Eduardo,Vanous,1B,LOUI,AAA,0
Elliott,Gonzalez,P,AMAR,AAA,0
Dave,Moore,2B,Free Agent,A,0
Geoffrey,Harrison,P,PORT,A,0
Reinaldo,Avitabile,1B,SJ,AA,0
Ruben,Burton,SS,Free Agent,A,0
Justin,Flatt,P,CHAT,ML,5
Roger,Boisclair,P,TIJ,A,0
Benjamin,Nelson,3B,OKC,ML,2
John,Heidebrink,LF,OMA,A,0
Michael,Barr,C,ELP,AA,0
Stewart,Kienle,CF,Free Agent,A,0
Joshua,Garcia,1B,CHAT,AA,0
Dwight,Gatts,RF,LOUI,A,0
Cole,Ward,P,MAIN,ML,2
Hector,Willmon,RF,CORP,AAA,0
Billy,Lewis,SS,LOUI,A,0
Aaron,Escamilla,2B,EDMO,AAA,0
Raymond,Ramos,C,IDA,A,0
Carl,Toro,CF,BOW,ML,15
Elijah,Dammann,RF,Free Agent,A,0
Paul,Manley,P,LYNC,ML,8
Enrique,Pineda,SS,TIJ,A,0
Thaddeus,Decoteau,P,SJ,AAA,0
Frederic,Watkins,P,SCRN,AAA,1
Tony,Gunk,P,RICH,ML,7
Jon,Vanhoozier,SS,LOUI,AA,0
Mike,Weaver,P,OKC,A,6
Dave,Thompson,P,EDMO,ML,2
Ismael,Martin,P,Free Agent,A,0
Andres,Brown,P,RICH,AA,0
Johnny,Mathern,CF,WISC,A,0
Po'Boy,Johnson,P,SAV,ML,2
Silver,Salisbury,3B,SCRN,AA,0
Marc,Freeman,P,RICH,AA,0
Perry,Sanford,1B,LAKE,A,0
Ernest,Gampong,P,Free Agent,A,0
Stu,Sandman,C,SUGR,A,0
Eugene,Woods,1B,LYNC,A,0
Chad,Ochoa,2B,WISC,AAA,0
John,Lassalle,P,Free Agent,A,0
Jim,Ulm,P,IDA,AAA,0
Steve,Kohler,P,OMA,AA,0
Larry,Demiel,CF,OKC,AAA,0
Seth,Zang,P,Free Agent,A,0
Bill,Ranes,P,Free Agent,A,0
Rich,Guinn,P,CORP,ML,0
Sherman,Warren,C,SCRN,AAA,0
Steve,Wela,2B,BOW,A,0
Adrian,Dlouhy,CF,BOW,ML,0
Henry,Aponte,P,Free Agent,A,0
Newsy,Lalonde,1B,CASP,ML,1
Bobby,Moncion,P,HART,AAA,0
David,Williams,P,TIJ,AA,0
Peach,McGeachy,P,CHAT,ML,4
Elvis,Flores,1B,SUGR,AAA,0
Arturo,Tipton,1B,Free Agent,A,0
Joe,Langfield,P,OKC,AAA,0
Bob,Schmidt,3B,EDMO,A,0
Bob,Bournes,1B,BOW,AAA,0
Wilbur,McIntyre,SS,SJ,A,0
Antoine,McCallen,LF,BILL,A,0
Matt,Palmer,CF,LAKE,A,0
Joel,Kittelson,RF,SAV,A,0
Charles,Flynn,1B,SCRN,AA,0
John,Kruczek,LF,LAKE,ML,2
Billie,Damiano,P,WISC,A,0
Elbert,Brooks,RF,EDMO,AAA,0
John,Darling,P,ELP,A,0
Winston,Wyler,P,CHAT,ML,1
Ben,Peltzer,P,SAV,AA,0
Amado,Arroyo,P,BANG,A,0
Elbert,Starrick,3B,Free Agent,A,0
Elvin,Franco,P,ALTO,A,0
Rufus,Brown,LF,BILL,ML,4
Derek,Hooey,RF,BOW,ML,9
Tui T.,Sutherland,P,ELP,ML,7
Damon,Carlson,1B,LYNC,A,6
Roderick,Sirles,P,SCRN,A,0
Paul,Wagner,C,MAIN,A,2
Ernesto,Dorman,LF,LYNC,AAA,0
Kim,Beaudoin,P,AMAR,ML,10
Ken,Badillo,3B,ELP,AAA,0
Joe,Napier,1B,Free Agent,A,0
Elliot,McCauley,P,BILL,ML,9
Gary,Bass,P,BOW,A,3
Kyle,Williams,P,PEOR,A,0
Ambrose,Fiser,P,BANG,ML,11
Lew,Batson,P,CASP,AAA,5
Don,Portales,RF,SUGR,A,6
Matt,Longo,P,PORT,A,0
Brandon,Rishe,2B,RICH,A,0
Casey,Paul Jr.,3B,MAIN,ML,13
Eugene,Foster,C,BILL,AA,0
Craig,Edmondson,P,LAKE,A,0
Lester,Mullick,P,Free Agent,A,13
Dean,McConaughy,1B,Free Agent,A,0
Dan,Peters,P,SCRN,A,0
Jim,Vo,CF,SUGR,AAA,0
Dave,Ingwerson,3B,HART,AA,0
Dominick,Harmon,P,RICH,AA,0
Earl,Cohen,LF,MAIN,ML,6
Will,White,CF,PEOR,ML,0
Gregg,Libel,P,OKC,A,0
Eddie,Hutchin,CF,LYNC,A,0
Ken,Reddicks,CF,Free Agent,A,0
Wesley,Hisserich,3B,ELP,A,0
Brian,Lobner,SS,WISC,A,0
Carlos,Kimmins,C,BANG,A,0
Mike,Russian,CF,PEOR,AA,0
Bart Harley,Jarvis,LF,HART,ML,8
Bob,Velez,P,Free Agent,A,0
Norm,Harrison,P,ELP,AA,1
Francisco,Bench,C,CORP,AAA,0
Aaron,Burgess,P,TIJ,ML,1
Darryl,Bailey,LF,RICH,AA,0
Cody,Linnane,RF,PORT,AA,0
Victor,Tellez,RF,PEOR,AA,0
Ostin,Liss,P,ELP,ML,1
Johnny,Mayo,1B,CHAT,ML,0
Mike,Haroldsen,SS,CHAT,ML,1
Patrick,Gustason,P,RICH,AAA,0
George,Somers,1B,CASP,AA,0
Charlie,Bibo,P,IDA,A,2
Melvin,Hanson,C,BOW,A,0
Guadalupe,McCoy,3B,LYNC,A,0
Gary,Patterson,2B,WISC,A,0
Steven,Craig,P,HART,ML,7
Derrick,Carroll,P,SJ,AAA,0
Ken,Poppell,C,CHAT,A,0
Tuan,Montour,1B,LAKE,A,0
Chris,von der Ahe,P,TIJ,A,10
Theodore,Fontus,LF,Free Agent,A,7
Romeo,Sroka,2B,RICH,A,0
Larry,Futrell,P,Free Agent,A,0
Chadwick,Sosh,2B,BILL,AAA,0
Willie,Brown,P,Free Agent,A,0
Hank,Voight,P,HART,AA,0
Marshall,Emerson,P,IDA,ML,11
John,Cassetti,1B,SUGR,ML,3
Dallas,Romeo,2B,EDMO,ML,1
Ben,Richmond,1B,BANG,AAA,0
Arthur,Pena,2B,ALTO,ML,9
Jeffrey,Sumpter,RF,TIJ,AAA,0
Danny,James,P,BOW,ML,6
Solomon,Perez,P,Free Agent,A,0
Ed,Goss,2B,SAV,ML,0
Scott,Yuro,3B,OKC,A,0
Brock,Heishman,SS,LOUI,AAA,0
Anthony,Cross,C,BOW,AAA,0
Gabriel,Lim,P,TIJ,AA,0
Fred,Kishel,SS,CHAT,A,0
Ron,Yoder,LF,LOUI,A,0
Dave,Adkinson,LF,WISC,AA,0
Ned,Mummey,SS,Free Agent,A,4
Arthur,Tetlow,CF,SJ,A,0
J.E.,Jones,P,SUGR,ML,7
Eduardo,Longden,RF,TIJ,AA,0
Will,Harris,3B,SAV,AA,0
Jerry,Whittle,P,OKC,AAA,0
Eric,Dalzell,P,LOUI,AA,0
Ron,Fry,RF,AMAR,AAA,0
Toby,Palinski,P,ROCK,AAA,0
Clewd,Heywood,LF,ROCK,ML,2
Walter,Jatho,P,MAHO,A,7
Jesse,Descoteaux,RF,LAKE,A,11
Gerald,Romriell,P,ALTO,AA,0
Oscar,Leroy,P,MIDL,ML,3
Dennis,Franceschi,P,BANG,ML,6
Willie,Harris,P,MAHO,ML,1
Augie,Bonilla,2B,CHAT,AA,0
Randall,Cary,RF,BILL,A,0
Andrew,Perun,P,EDMO,ML,2
Ray,Deguzman,3B,BILL,A,5
Chris,Delahoz,P,OKC,A,0
Raul,Sellman,P,MAIN,AA,0
Wendell,Lidstrom,P,SJ,A,0
Logan,Glenn,2B,ROCK,AAA,0
Matthew,Reese,RF,ROCK,A,0
Larry,Mariner,P,ALTO,A,0
Wes,Rogers,LF,WISC,ML,0
Edgar,Gillam,P,ALTO,A,0
Dana,Strout,C,Free Agent,A,0
John,Pennington,P,LOUI,AA,0
Phil,Robinson,SS,LOUI,ML,2
John,Ferrell,C,Free Agent,A,0
Antonio,Ates,P,SUGR,A,0
Don,Raden,LF,PORT,AA,0
Howard,Travis,P,EDMO,A,0
Anthony,Anderson,SS,Free Agent,A,0
Joel,Jennings,1B,Free Agent,A,0
Alvin,Tatum,LF,LYNC,ML,7
Edgar,Newsome,P,SJ,AA,0
Randy,Calvin,P,SCRN,A,0
Miguel,Ortiz,1B,TIJ,AA,0
Billy,Liess,P,AMAR,AA,0
Luis,Gallmon,P,SUGR,A,0
Puddnhead,Wilson,RF,LYNC,ML,6
Mike,Urrabazo,P,MIDL,A,13
Salvador,Maxwell,1B,SCRN,ML,4
Jonathan,Arnold,LF,SCRN,AAA,1
John,Mancini,P,LYNC,AAA,0
Bradley,Walker,SS,Free Agent,A,0
Nathan,Terzian,P,MAHO,AA,0
Josh,Tierney,RF,Free Agent,A,0
Ray,Ratliff,CF,MAHO,AAA,0
Brandon,Maxwell,P,LOUI,ML,9
Willie,Furukawa,P,LOUI,AA,0
Joseph,Cavaluzzi,P,EDMO,AA,0
Harold,Dildy,2B,HART,AA,0
Theodore,Hedgepeth,2B,CASP,AA,0
Bo,Jackson,C,SAV,ML,5
Montell,Campbell,P,LAKE,A,0
Lawrence,Nunez,P,EDMO,A,0
William,Mills,SS,Free Agent,A,0
Milt,Stumpp,LF,CHAT,A,0
Mike,Varvaro,1B,IDA,AAA,0
Michael,Sperlich,LF,LYNC,AA,0
Arquimedez,Timpone,P,BOW,ML,2
Lenard,Snyder,C,MAIN,A,0
Roscoe,Anderson,LF,LYNC,A,0
Reagan,Hathaway,CF,MIDL,ML,8
Mark,Dunlop,P,MAHO,ML,10
Mike,Stanford,2B,SAV,AAA,0
Wilson,Blue,P,MAHO,A,8
Donald,Eslava,CF,RICH,AA,0
Manny,Ruiz,CF,CHAT,AA,0
Dave,Duckworth,RF,Free Agent,A,0
Donald,Hampton,P,SAV,A,2
John,Kosanovic,P,ROCK,AA,0
Cornelius,Lee,LF,CHAT,A,0
Aaron,Kujawa,P,OMA,AA,0
Ben,Tichacek,C,MAHO,AAA,0
Jack,Gallegos,CF,LOUI,ML,0
James,Lablanc,P,SUGR,ML,8
Brandon,Thornburg,2B,TIJ,A,0
Peter,Shaffner,P,MIDL,AAA,1
Larry,Little,LF,EDMO,A,0
Patrick,Krom,P,CORP,ML,4
Bob,Joines,P,LAKE,AA,0
Dave,Dixon,CF,CORP,AAA,0
Johnny,Rocco,C,AMAR,A,8
Mike,Roche,2B,PEOR,ML,1
Ricky,Spanish,LF,SJ,ML,4
Bob,Villareal,P,AMAR,ML,6
Tom,Monton,SS,PEOR,A,0
Wilbur,Balsam,P,PORT,AAA,0
Salvatore,Montrose,P,ELP,ML,3
Shawn,Wallace,SS,SUGR,ML,13
Leon,Czolgosz,2B,ROCK,ML,10
Victor,Vantassel,C,CASP,A,0
Alfred,Bell,1B,RICH,A,0
Kevin,McMutry,2B,LAKE,A,0
Victor,Simoes,P,Free Agent,A,7
Edmond,Baehr,P,MIDL,AAA,0
Rich,Malandruccolo,LF,PORT,AAA,1
Braeden,Cooper,3B,WISC,A,0
Rich,Wolfard,P,SUGR,ML,6
John,Glenn,P,ROCK,ML,6
Joe,Johnson,SS,WISC,A,0
Rodney,Zaccaria,P,MAHO,AAA,0
Ron,Zavala,P,Free Agent,A,2
Dave,Raymond,P,Free Agent,A,0
Larry,Durbin,P,Free Agent,A,0
Tom,Eaton,1B,AMAR,AAA,0
John,Gautreau,P,Free Agent,A,0
Brian,Levandoski,P,ALTO,AA,0
Greg,London,SS,MAHO,ML,2
Jimmie,McKinney,2B,PEOR,AA,0
Michael,Eiser,LF,SJ,A,0
Jaime,Krug,SS,CHAT,AAA,0
Mark,Drum,CF,WISC,A,0
Christopher,Pelcher,RF,BOW,A,0
Klaus,Meine,RF,PORT,AA,0
Jarrod,Fairfax,LF,SCRN,AA,0
Sergei,Bobinsky,C,RICH,AAA,0
Charlie,O'Neal,P,IDA,A,0
Ed,Camp,P,RICH,AA,0
Victor,Akers,RF,MIDL,AA,0
Shawn,Gripp,P,Free Agent,A,0
Delbert,Day,2B,CORP,AAA,0
Clarence,Gowan,P,SUGR,A,0
Ray,Manues,P,SCRN,AA,0
Jose,Raymond,P,ALTO,A,0
Hunter,Kanaan,P,OMA,AA,0
Terrance,Narciso,2B,TIJ,ML,0
Joe,Jurich,P,MAHO,ML,3
Bob,Popham,SS,Free Agent,A,0
Ernie,Purtlebaugh,P,SAV,A,4
Rowan,Damisch,C,ELP,AA,0
Nathan,Alvarez,C,Free Agent,A,0
Simon,Pyke,P,ALTO,AA,0
Ub,Iwerks,CF,WISC,A,11
Chris,Pilar,LF,ELP,ML,7
Mark,Baker,P,OMA,AA,0
Bobby,Kujak,P,EDMO,ML,6
Oliver,Gutierrez,SS,Free Agent,A,0
Ruben,Hardwick,P,ELP,A,0
Eddie,Fulkerson,C,SAV,AA,0
Hugo,Bass,1B,Free Agent,A,0
Dan,Nitti,CF,LAKE,ML,4
Gary,Haman,P,CHAT,A,0
Lee,Calvert,CF,IDA,AA,0
Michael,Perfater,P,PEOR,A,0
Casey,Imes,RF,TIJ,A,10
Abraham,Cambron,P,SCRN,A,0
Aramis,Dalton,P,BILL,AA,0
Alvin,Stevens,1B,LYNC,AA,0
Leslie,Platt,P,PEOR,AAA,0
Leonard,Garvey,P,MAHO,A,9
Grover,Deason,LF,LYNC,AAA,0
Todd,Cuzzort,SS,CHAT,AA,0
Kollin,Stone,P,BILL,AAA,0
Shawn,Arrington,1B,CASP,AA,0
Jim,McIntosh,3B,Free Agent,A,0
Bill,Naranjo,P,ROCK,A,0
Danny,Boogeyman,P,LYNC,AA,0
Larry,Duncan,LF,Free Agent,A,0
Johnny,Manzanares,P,OMA,ML,9
Raymond,Reddington,CF,MAIN,A,11
Harper,Dearing,P,CASP,ML,4
Louis,Chevalier,2B,BOW,ML,8
Roosevelt,Nace,P,RICH,A,0
Ramon,Howard,CF,PORT,ML,5
James,Coleman,P,BOW,A,0
Carmine,Barricelli,SS,Free Agent,A,0
Scott,Maulsby,LF,HART,A,0
Max,Francesco,3B,PORT,ML,1
Peter,LaFleur,2B,CASP,AA,0
Williams,Sheppard,2B,RICH,AA,0
Skeeter,Davis,P,RICH,AAA,0
Ron,Danton,C,CASP,A,0
Gregory,Miller,2B,SCRN,AAA,0
Aaron,Mason,P,EDMO,ML,3
Shooter,McGavin,P,MIDL,AAA,0
John,Hornsby,C,OKC,A,0
Ferdie,Gonzalez,RF,Free Agent,A,0
Odell,Manville,CF,MAHO,A,0
Bruno,King,2B,CORP,ML,5
Antonio,Gandolfo,P,IDA,AA,0
Joe,Pawlicki,C,CORP,A,0
Chad,Zale,RF,AMAR,A,0
Brian,Parker,C,CASP,AA,0
Ryan,Lowery,1B,BOW,A,0
Ernie,Loftus,CF,OMA,AA,0
Paul,Clough,RF,ALTO,ML,3
Earl,Gordineer,RF,LYNC,AAA,0
Duff,McCrory,SS,BOW,AA,0
Casey,Collier,C,SJ,AAA,0
Edmond,Korby,P,AMAR,ML,3
Danny,Troutner,C,BOW,A,0
Lev,Beniov,RF,SAV,ML,2
Thomas,Daniels,P,LYNC,AAA,0
Mac,Cranford,1B,CASP,A,0
Alonso,Mino,2B,WISC,A,0
Jose,Goodson,3B,AMAR,A,0
Eli,Bacon,SS,MAIN,ML,0
Dwight,Mansfield,CF,AMAR,AA,0
Bob,Bevier,P,Free Agent,A,0
Arnold,Lewis,2B,IDA,A,4
Mark,Vanderlinden,SS,BILL,A,0
Matthew,Rexford,P,Free Agent,A,6
Bob,Lamprecht,LF,SUGR,A,0
Jose,Largen,3B,SCRN,AAA,0
Frances,Martin,LF,CHAT,AA,0
Jerry,Rutherford,1B,LYNC,AAA,0
Don,Post,CF,BOW,A,0
Dwight,Crosby,RF,HART,ML,6
John,Merritt,1B,OMA,A,12
Freddie,Knowles,P,ALTO,AA,0
Roger,Marsland,RF,CHAT,A,0
Rich,Kullmann,C,SJ,AA,0
Tony,Redpath,P,Free Agent,A,0
Cesar,Sibble,P,IDA,A,0
Sam Porter,Bridges,P,BANG,A,6
Dave,Reyes,3B,BOW,AA,0
Robert,Bravo,P,CORP,A,0
Matt,Blum,P,Free Agent,A,0
Gerald,Rodriguez,2B,BANG,ML,2
Scott,McKinney,P,CORP,A,0
Winston,Lake,3B,SAV,ML,2
Mosey,Anthony,P,PORT,AA,0
Quentin,Dunston,P,ALTO,ML,3
Matthew,Keylon,C,SUGR,AAA,0
Elliot,Bushey,P,EDMO,AAA,0
Ben,Valtierra,2B,EDMO,AA,0
Fernando,Grove,P,HART,AA,0
Cody,Stemper,C,EDMO,AA,0
Charles,Muntz,RF,PEOR,AAA,0
Mike,Quidley,1B,SCRN,AA,0
Dean,Andrea,P,Free Agent,A,11
Perry,Mastrangelo,P,ELP,AAA,0
Joe,Isaac,C,Free Agent,A,0
Harry,Harmon,C,Free Agent,A,0
Dave,Cristaldi,P,BOW,AA,0
Terry,Kilgore,RF,RICH,AA,0
Ramon,Noches,1B,BANG,ML,0
Mike,Sheckler,SS,ELP,AA,0
John,Stoffel,P,HART,A,0
James,Holden,LF,BOW,ML,5
Scotland,Belladayton,3B,MIDL,AA,0
Anthony,Brown,P,SCRN,A,0
Harry,Lewey,P,SUGR,A,7
Cameron,Lasorsa,P,Free Agent,A,3
Darius,Black,3B,LYNC,ML,5
Dale,Green,P,BANG,A,0
Phillip,Holub,2B,SUGR,ML,3
Ray,Anders,P,MAIN,AA,0
Robert,Rose,P,SCRN,A,0
Javier,Govan,C,ROCK,AAA,0
Leslie,Radley,P,IDA,ML,7
Raul,Maxam,P,ALTO,A,0
Jeremy,Jamm,C,RICH,AAA,1
Ken,Tigar,P,MAHO,AA,0
Joe,Ruprecht,P,LOUI,A,0
Joaquin,Ross,2B,SCRN,AA,0
Tim,Bruce,C,Free Agent,A,0
Deacon,Rich,LF,Free Agent,A,0
Scott,Spoto,P,MAHO,ML,0
Kenneth,McCloud,P,TIJ,ML,1
Brian,Bulgrin,1B,Free Agent,A,0
John,Montijo,2B,Free Agent,A,0
Tom,Rogers,P,ELP,A,0
Shane,Bettis,SS,AMAR,AAA,0
Leon,Gillmore,P,BANG,A,0
Burt,Carolfi,C,MIDL,ML,2
Punky,Brewster,2B,PORT,ML,9
Frederick,Haughey,2B,RICH,AAA,0
Jan,Orta,SS,Free Agent,A,0
Chris,Napolitano,C,LYNC,ML,4
Paul,Frech,LF,Free Agent,A,0
Doc,Logsdon,P,CHAT,AA,0
Tiny,Davis,CF,Free Agent,A,0
Phil,Demers,P,AMAR,AAA,0
Mike,Charleston,1B,EDMO,A,0
Javier,Dobratz,RF,Free Agent,A,0
Ramon,Richards,LF,Free Agent,A,2
Norbert,Olivares,C,CASP,AAA,0
Leo,McCarthy,CF,BOW,A,0
Bruce,Hollinghead,P,Free Agent,A,0
Elmer,Alamillo,RF,ROCK,A,5
Tommy,Cerveny,P,LYNC,ML,4
Jarvis,Cantu,CF,HART,AAA,0
Alan,Treisch,P,Free Agent,A,0
Roy,Hobbs,CF,IDA,ML,13
Theodore,Muhlhauser,P,SAV,AA,0
Gregg,Battiest,LF,PEOR,AA,0
Pepe,Silvia,P,AMAR,ML,3
Dave,Vanhooser,P,ALTO,AAA,1
Harold,Allen,LF,OMA,A,11
Roosevelt,Eilertson,P,Free Agent,A,0
Terry,Bucy,1B,SAV,A,0
Johnnie,Eason,P,ALTO,AA,0
Ira,Fairweather,P,Free Agent,A,0
Dutch,Kincaid,RF,TIJ,ML,4
Will,Steele,P,CASP,AAA,0
Tim,Locket,P,Free Agent,A,0
Ken,Nuzzo,RF,EDMO,A,0
Clete,Triplett,LF,RICH,A,0
Scott,Gamero,1B,PEOR,AAA,0
Joel,Myrick,P,Free Agent,A,0
Jack,Guiden,P,Free Agent,A,0
Khrusher,Khruschev,LF,OKC,AAA,0
Aaron,Heiberg,1B,ELP,AAA,0
Chet,Bennett,P,MAIN,ML,0
Rich,Breaux,P,PEOR,ML,3
James,McElhenney,P,RICH,A,11
Steve,Fagerstrom,P,PEOR,ML,7
James,Bayerl,CF,PEOR,AA,0
Jim,Caputi,RF,Free Agent,A,0
Sidney,Thompson,C,SAV,A,0
Garland,Rhody,C,TIJ,A,0
Joe,Mochel,P,SCRN,AA,0
Ricardo,Lage,P,LAKE,ML,6
William,Street,1B,SJ,A,0
John,McCauley,LF,AMAR,ML,2
Nelson,Neill,2B,SJ,A,0
Wilmer,Letsinger,RF,ELP,AA,0
Daniel,Petrich,C,BILL,A,0
John,Tschumperlin,3B,HART,A,0
Gerard,Barnes,P,LAKE,AAA,0
Michael,Farness,P,PEOR,ML,4
Nate,Beltran,C,LYNC,AAA,0
Greg,Schwering,SS,SJ,A,0
Benny,Johnson,3B,Free Agent,A,0
Murray,Kennedy,C,PEOR,ML,5
Harry,Grant,P,MAIN,AA,0
Mel,Blanc,P,SUGR,ML,7
Emilio,Rowles,RF,BANG,AAA,0
Byron,Pooler,P,RICH,AA,0
Edwin,Hoying,C,RICH,AAA,0
Saul,Dibenedetto,LF,BILL,A,0
Billy,Jacobitz,1B,CHAT,AA,0
Irwin,Akiyama,P,ALTO,ML,10
Jeffrey,Evans,CF,BILL,A,0
Don,Seekins,RF,BILL,A,0
Ivan,Pulliam,3B,Free Agent,A,0
Tim,Kutil,P,BANG,A,0
Jessie,Wilcock,SS,ALTO,AAA,4
Norman,Curbelo,P,MAHO,AA,0
Jerry,Huseman,P,OKC,AAA,0
Ronnie,Hobbs,CF,SCRN,AA,0
Rusty,Buntafolio,P,SJ,AA,0
French,Baker,P,RICH,A,0
Noah,Gonzalez,RF,Free Agent,A,0
David,Lopez,P,BILL,AAA,0
Ed,Maphis,P,CHAT,AA,0
Terry,Hirano,P,MIDL,A,0
Archie,Dunn,P,ALTO,A,0
Jim,Fritchman,3B,PEOR,ML,0
Bob,Mayer,P,MAHO,AAA,0
Alfonzo,Elbaz,C,Free Agent,A,0
Don,Grant,P,SCRN,AAA,0
Miles,Phillips,P,RICH,AAA,1
Tyrone,McPeek,P,OMA,ML,3
Matthew,Caldera,P,LAKE,ML,0
Patrick,Alvarez,C,RICH,ML,1
Donnie,Caruso,1B,CASP,AA,0
Joseph,Woods,P,BANG,A,0
Kevin,Bain,P,MIDL,A,0
Rolando,White,P,RICH,AA,0
James,Fisher,P,ALTO,ML,8
Irving,Grates,P,LOUI,AAA,0
Franklin,Lockett,P,LAKE,ML,1
Bill,Rust,2B,LYNC,AA,0
Willard,Myers,P,SAV,A,6
Herschel,Vanausdal,1B,HART,AAA,1
Alan,Bosch,P,RICH,A,0
Wallace,Perez,3B,CASP,AA,0
Justin,Slawson,CF,CORP,ML,0
Jimmy,Floyd,3B,Free Agent,A,2
Aaron,Wortley,RF,BOW,AAA,0
Inigo,Fieri,P,OMA,AAA,0
Adam,Booth,P,RICH,A,0
Nathan,Eychaner,2B,Free Agent,A,0
Stephen,Lopez,P,MAHO,A,0
Alvaro,Tines,3B,Free Agent,A,7
Joseph,Steenken,P,SAV,A,3
Nestor,Noriega,P,OKC,A,0
Davis,Sullenger,CF,BOW,AAA,0
Mike,Wack,CF,Free Agent,A,0
Lenny,Offermann,C,BANG,AAA,0
Mo,Jacobs,C,CASP,AAA,0
Cooter,Miga,P,IDA,A,0
Johnny,Lawrence,2B,BOW,AA,0
Walt,French,RF,Free Agent,A,0
Victor,Griffin,SS,IDA,AAA,0
Matt,Chojnacki,P,Free Agent,A,0
Dave,Rigatti,3B,PORT,AA,0
Ronnie,Specking,P,LOUI,AA,0
Troy,Barkdull,3B,BANG,A,0
Hubert,Stolte,SS,RICH,AA,0
John,Henkel,P,SCRN,AA,0
Rich,Lewis,P,CHAT,ML,2
Christopher,Morger,1B,IDA,AAA,0
Carlos,Yastrzemski,LF,Free Agent,A,11
Vernon,Tomlin,RF,CASP,A,0
Clarence,Kunkel,LF,SAV,A,3
Jim,Hansen,C,MAIN,A,0
Pete,Hanna,2B,BOW,AA,0
John,Rotondi,P,Free Agent,A,0
Rex,King,CF,LYNC,A,0
Bernard,Mendez,P,Free Agent,A,7
Glenn,Jackson,C,LYNC,AAA,0
Daniel,Rowley,P,BILL,AA,0
Bradley,Fabry,C,LAKE,AAA,0
Bobby,Artinger,LF,MAIN,A,0
Winston,Goheen,P,SUGR,ML,1
Razor T.,Shines,CF,CORP,ML,0
Leo,Rodriquez,P,SAV,AAA,2
John,Jarencio,1B,LYNC,A,0
George,Bell,P,Free Agent,A,0
Ron,Rosenau,P,SUGR,AA,0
Robt,Riley,P,HART,AAA,3
Elvin,Brown,P,Free Agent,A,0
George,Egnor,C,LYNC,A,0
Russell,Bergstrom,P,ALTO,AAA,0
Greg,Witthoft,SS,WISC,AA,0
Carlo,Depasquale,P,Free Agent,A,0
Ron,Saults,RF,BANG,AAA,0
Dallas,Gaston,CF,LAKE,AA,0
Dave,Rodgers,P,SJ,ML,3
Dave,Corington,P,BANG,A,5
Steve,Maida,P,ELP,AAA,1
Gino,Mendenhall,RF,ROCK,AA,0
Dan,Lindner,P,SJ,ML,2
Johnny,Norton,P,OMA,AAA,0
Danial,Gosier,P,MIDL,ML,7
MC,Zwart,1B,LOUI,AA,0
Anthony,Knight,LF,Free Agent,A,0
Steve,Schmidt,C,LOUI,ML,2
John,Bitler,P,CORP,ML,6
Darrell,Faust,1B,LOUI,A,0
Joe,Vidana,3B,Free Agent,A,0
Weyland,Yutani,P,HART,ML,7
Bill,Sankowski,2B,CHAT,A,0
Darrick,Preston,C,Free Agent,A,0
Emmanuel,Goldstein,P,BANG,ML,7
Mark,Campbell,P,CHAT,ML,2
Ronald,Silversmith,3B,SAV,A,0
Bob,Pritchard,SS,ROCK,ML,1
Kevin,Eberling,SS,IDA,A,0
Doyle,King,C,Free Agent,A,0
Jude,Cobia,LF,TIJ,A,0
Milt,Foos,P,SUGR,AA,0
Noah,White,CF,IDA,A,0
Paul,Baumer,2B,HART,ML,3
Charles,Milles,1B,SJ,ML,13
Mason,Vogus,P,BOW,AAA,0
Gregory,Fincham,1B,RICH,AA,0
Ralph,Goossen,1B,Free Agent,A,0
Brandon,Nocito,2B,Free Agent,A,0
Clay,Fairhurst,RF,WISC,A,0
Nate,Godines,3B,IDA,ML,2
Myles,Shippee,3B,LOUI,AA,0
Henry,Curtis,P,MIDL,A,0
Cody,Cutright,P,CHAT,A,0
Billie,Murray,2B,MAIN,ML,8
Nathaniel,Galloway,P,PEOR,ML,6
Nathaniel,Waldron,P,CORP,A,0
Shirley,Balling,2B,SUGR,ML,1
Mark,Cruz,SS,RICH,AA,0
Samuel,Dambrose,P,CORP,ML,6
Kevin,Paik,P,PEOR,A,0
Robin,Polk,LF,CASP,AA,0
Justin,Twohey,C,SUGR,ML,0
Randy,Poffo,SS,RICH,AA,0
Luis,Morales,P,OKC,A,0
Victor,Fairless,P,EDMO,ML,1
Osvaldo,Charan,SS,TIJ,AAA,0
Palmer,Dixon,P,IDA,A,0
Ricky,Carter,P,Free Agent,A,0
Greg,Comrey,P,OKC,A,0
Clark,Cates,P,WISC,A,14
Alan,Cravey,P,PEOR,A,0
Wilbur,Shaw,SS,MAHO,ML,4
Thomas,Revalee,RF,BILL,AAA,0
Johnny,Ross,C,AMAR,ML,12
Mike,Shelton,1B,LYNC,AA,0
Joe,Brignoni,P,Free Agent,A,0
Robt,Tate,3B,RICH,AA,0
Wendell,Cumbass,P,IDA,A,0
Albert,Ellisor,P,OMA,A,0
Jose,Ricketts,CF,OMA,AA,0
Keaton,Helveston,LF,BANG,ML,1
Terry,Patino,P,AMAR,A,0
Milton,Bauder,RF,LAKE,AAA,0
Roy,Gorrell,1B,RICH,AA,0
Harold,Concepcion,3B,MIDL,AA,0
Junior,Meabon,1B,CASP,AAA,0
Diego,Bell,P,RICH,ML,5
Kevin,Czuba,P,OMA,ML,1
Lorenzo,Corell,C,LOUI,AAA,0
Rush,Holmes,1B,BILL,A,0
Reyny,Reyes,3B,BILL,ML,12
Leland,Weaver,2B,BANG,AA,0
Carl,Heath,1B,LOUI,ML,2
Maurice,LaMarche,P,WISC,A,11
Franklin,Raynor,SS,CASP,AA,0
Henry,Baker,RF,LOUI,A,0
Greg,Stika,P,Free Agent,A,0
Bob,Betance,P,PORT,AAA,1
Larry,Fenelus,P,CHAT,ML,0
Warren,Marinkovic,3B,CORP,A,0
Nate,Eaves,P,ELP,AAA,0
Luis,Thibideau,3B,LAKE,A,9
Milo,Murphy,P,BANG,ML,4
Roberto,Kendrick,P,EDMO,AA,0
Joe,Faulkner,P,PEOR,AAA,0
Carl,Lanman,P,Free Agent,A,0
Tyron,Atkins,P,SUGR,ML,5
Rene,Telly,P,OMA,ML,8
Jordan,Easter,P,WISC,ML,1
Oliver,Boaz,LF,WISC,A,0
Buzz,Truong,1B,OMA,A,0
Dave,Tome,P,Free Agent,A,3
Jeffrey,Vazquez,C,LAKE,ML,13
Earl,Root,LF,CASP,A,0
Armando,Allain,3B,SAV,AA,0
Johnny,Ogden,3B,Free Agent,A,0
Stephan,Langer,P,OMA,AA,0
Jackie,Maddron,P,Free Agent,A,0
Rich,Young,P,Free Agent,A,0
Sanford,Perryman,P,Free Agent,A,1
Yank,Bailey,P,SUGR,ML,1
Damian,Gemme,RF,LYNC,AA,0
Victor,Honberger,C,CORP,A,0
Seabright,Cooley,P,WISC,A,11
Anthony,Armstrong,1B,LYNC,AAA,0
Curtis,Faletti,P,PEOR,ML,6
Anthony,Amicangelo,1B,BILL,ML,6
Clarence,Watkins,P,Free Agent,A,0
Harry,Everett,C,BOW,AA,0
Mark,Severa,3B,HART,ML,8
Mark,Uhlich,1B,SAV,A,0
Ed,Bernard,CF,Free Agent,A,0
Eric,Larmon,2B,OMA,A,0
Emerson,Chamberlain,CF,EDMO,ML,4
Dustin,Clark,C,Free Agent,A,0
Peyton,Culbertson,P,BILL,ML,1
Gilbert,Reynolds,P,SAV,A,5
Ed,Cochrane,3B,BILL,A,0
Norm,Boone,P,MAHO,AAA,0
Reginald,Dickerson,P,CHAT,AAA,0
Francisco,Stewart,3B,PEOR,ML,0
Tim,Pesnell,SS,Free Agent,A,0
George,Kyle,P,ALTO,AAA,2
Michael,Blue,SS,WISC,A,0
Ed,Avelar,P,IDA,AA,0
Timothy,Luter,LF,SUGR,AAA,0
Rex,Rieu,CF,Free Agent,A,0
Antonio,Turner,LF,IDA,A,0
William,Trahan,C,ALTO,AA,0
Larry,Sullivan,P,MIDL,AAA,0
Joseph,Lydia,P,LOUI,ML,10
John,Hallstrom,C,BOW,AAA,0
Chad,Khamo,CF,PORT,A,0
Melvin,Barros,RF,HART,A,0
Jeffery,Orme,P,CORP,ML,5
Kevin,Seaton,P,OKC,A,0
Ray,Bryant,P,ELP,A,0
Tico,Feo,P,CASP,ML,6
Ken,Ayers,1B,CASP,AA,0
Joel,Matar,C,WISC,AAA,0
Dominic,Blanton,3B,RICH,AAA,0
Pete,Moller,C,CASP,ML,2
Bruce,Maffucci,P,LAKE,A,0
John,Robinson,2B,Free Agent,A,0
Spencer,Strider,P,OKC,AAA,0
Wendell,Leiter,CF,SCRN,AA,0
Bill,Leffler,P,ROCK,A,6
John,Suit,RF,ELP,AAA,0
Isaac,Andersen,P,IDA,A,6
Jason,Mays,P,IDA,A,0
Levi,Aquino,P,HART,AAA,0
Jeffrey,Holland,3B,MIDL,AA,0
Bob,Mollicone,P,MAHO,AAA,0
Ferdinand,Kitchin,P,CORP,A,0
Mauro,Marum,CF,BILL,ML,0
Marcus,Bryant,P,BANG,AA,0
Charles,Lalli,3B,BOW,ML,1
Kerry,Loner,1B,SCRN,AA,0
Thomas,Wilson,P,TIJ,A,0
Garton,Scott,2B,ELP,ML,0
Dan,Hawkins,P,CORP,AA,0
Paul,Sawyer,RF,CASP,ML,6
John,Marcos,2B,RICH,AA,0
Teddy,Hawkins,P,EDMO,A,0
Joshua,Holman,3B,SCRN,AA,0
Travis,Riley,CF,ROCK,ML,2
Christopher,Karella,P,MAIN,A,0
Brian,Swan,RF,HART,AA,0
Shawn,Moore,P,ELP,A,0
Gabe,Mariano,RF,PORT,AA,0
Gregory,Starks,SS,Free Agent,A,0
Franklyn,Brendle,LF,LYNC,AA,0
Carl,Moron,1B,Free Agent,A,2
Francis,Albrecht,3B,ALTO,A,1
Jerry,Mooney,LF,LYNC,AA,0
Nathan,Sanderman,C,PEOR,AA,0
Marcus,Warren,1B,MAHO,AAA,0
Wayne,Collado,2B,IDA,AA,0
Keith,Rehak,LF,SCRN,AA,0
Paul,Salsgiver,C,LYNC,AAA,0
Rube,Baldwin,CF,CHAT,AA,0
Rich,Ruiloba,LF,EDMO,AA,0
Delino,Vereen,P,LYNC,ML,5
Gordy,Castellanos,CF,IDA,AA,0
Alphonso,Navarro,1B,PEOR,ML,13
Shawn,Spencer,3B,LAKE,ML,7
Joey,Dahl,P,CASP,A,0
Wendell,Dalbey,LF,BILL,A,0
Steve,Larsen,1B,CORP,ML,5
Ed,Nygard,SS,LYNC,AA,0
Tim,Kono,RF,CASP,AA,0
Rit,Baker,SS,CHAT,AA,0
Frank,Leitheiser,C,WISC,AA,0
Bryan,Nardecchia,LF,MAHO,ML,5
Joe,Kreimer,LF,OMA,A,0
Terrence,Liske,P,AMAR,ML,10
Mike,Lamons,C,BILL,AA,0
Anthony,DiNozzo Jr.,1B,SJ,AAA,0
Ethan,Stone,CF,BANG,AA,0
Glenn,Hayes,P,SJ,ML,2
Jason,Pruden,1B,SJ,A,0
Jared,Rodriguez,P,IDA,A,5
Shane,Pouch,CF,AMAR,A,0
Tommie,Brown,P,LOUI,AA,0
Bill,Quelch,P,MAHO,A,4
Carl,Brim,P,AMAR,AA,0
John,Columbia,CF,CORP,A,0
Hugo,Frei,3B,SAV,A,0
Nickolas,King,P,ROCK,ML,3
George,Laurenzano,RF,AMAR,ML,3
Craig,Transou,P,Free Agent,A,0
Jim,Gold,3B,HART,A,0
Sterling,Sparks,P,CORP,ML,4
Maria,James,2B,EDMO,AA,0
Jason,Magedanz,C,CASP,A,0
George,Stafford,P,OKC,AAA,0
Samuel,Dauber,P,Free Agent,A,0
Bob,Gomez,P,Free Agent,A,0
Edmond,Wander,2B,EDMO,AA,0
Julius,Owen,P,MIDL,AAA,0
Paul,Rudd,P,SAV,AAA,0
Jonathan,Jigsaw,P,LYNC,AA,0
Elish,Miranda,P,LOUI,ML,9
Turk,Turkleton,P,HART,ML,4
Al,Papadopoulos,1B,BOW,A,0
Jackie,Daytona,P,MAIN,A,9
Nickolas,Finneran,P,AMAR,AAA,0
George,Cinque,P,Free Agent,A,0
Lucas,Barrett,P,BILL,A,5
Bob,Bar,P,RICH,AA,0
George,Ingalls,P,IDA,AAA,1
Justin,Lau,2B,CHAT,A,0
Lewis,Magid,P,BILL,ML,0
Dwight,Replogle,P,Free Agent,A,4
Anthony,Nichols,SS,PORT,AA,0
George,Garnica,3B,TIJ,A,0
Henry,Farabee,P,Free Agent,A,0
John,Komp,C,BOW,AA,0
Roderick,Moochler,P,IDA,AA,0
Ivory,Evans,SS,MAHO,A,0
Gerald,Baker,LF,SJ,A,0
Ryan,Cheers,P,LAKE,ML,1
Walt,Brown,CF,LOUI,A,0
Thomas,Betters,3B,WISC,AAA,0
Elbert,Ramirez,RF,TIJ,A,0
Michael,Vey,P,ELP,ML,4
John,Foth,P,BILL,ML,7
Freddie,Christopher,2B,LOUI,AAA,0
Antonio,Hildner,P,Free Agent,A,0
Jerrick,Guzman,P,TIJ,A,7
Jason,Muckle,P,ALTO,A,0
Stanley,Slaughter,RF,ROCK,A,6
Alan,Gonzalez,P,LAKE,A,0
Robert,Carr,P,CORP,AAA,0
Saggitariutt,Jefferspin,P,RICH,A,13
Jeffrey,Holman,P,TIJ,A,0
Armand,Moberley,P,MAIN,AA,0
Keith,Lanterman,P,ROCK,A,0
Marco,Lyerly,P,ROCK,A,0
Bob,Thacher,C,Free Agent,A,0
Grant,Alamin,P,SUGR,ML,6
Ed,Saeteun,P,EDMO,AA,0
Steven,Valentine,CF,Free Agent,A,0
Jonathon,Graham,2B,Free Agent,A,0
Brandon,Newton,P,EDMO,A,0
Cooter,Stith,SS,ALTO,ML,3
Ron,Hunnicutt,RF,WISC,AA,0
Mike,Bonds,1B,ELP,ML,3
Cameron,Bobst,LF,CASP,AA,0
Bill,Wen,3B,CORP,AAA,0
German,Thomas,P,Free Agent,A,12
Ken,Cox,P,MAHO,A,0
Dewayne,Morse,SS,MIDL,ML,2
Matthew,Cappello,LF,BILL,AAA,0
Johnny,Chandler,P,MIDL,A,0
Kevin,Rising,P,BOW,A,0
Jeffery,Houston,CF,BANG,ML,1
Chris,Carroll,2B,Free Agent,A,0
King,Hudgins,CF,IDA,AAA,0
Angel,Jackson,P,EDMO,A,0
Damion,Turner,2B,TIJ,ML,0
Roger,Larson,SS,SUGR,A,2
Fred,Kiger,3B,MAIN,ML,0
Matt,Coody,SS,ROCK,AA,0
Billy,Dey,P,BANG,A,0
Jesse,Campbell,1B,OKC,ML,5
Courtney,Whitsett,LF,Free Agent,A,0
Samuel,Gompers,1B,CHAT,ML,4
Joe,Letchworth,P,Free Agent,A,12
Danny,Maestas,1B,BILL,A,0
Scott,Carmichael,LF,OMA,ML,0
Earl,Chance,2B,MIDL,A,0
Paul,Burkhart,2B,OMA,A,11
Tom,Laky,C,SAV,AA,0
Jim,Zambrano,3B,PORT,AA,0
Vincent,Strachan,C,OMA,AAA,1
Mike,Zenteno,3B,OKC,A,0
Crenshaw,Thomas,1B,BANG,ML,3
Virgil,Mannan,P,Free Agent,A,0
Benedict,Depedro,C,ALTO,AAA,1
Dave,Formisano,LF,LYNC,AAA,0
Andre,Lawler,P,Free Agent,A,0
Ramon,Spear,P,RICH,AA,0
Rich,Sinopoli,P,TIJ,A,10
Dale,Cook,2B,ROCK,A,0
Jeffrey,Fletcher,P,ROCK,AAA,0
Jon,Mickell,1B,SJ,A,0
Sam,Gural,P,MAHO,AA,0
Jason,Raatz,RF,BILL,A,0
Ken,Johnson,P,Free Agent,A,0
Philip,Cicchetti,P,TIJ,AA,0
Ossie,Verderosa,P,Free Agent,A,0
Walter,Bales,P,HART,AA,0
Kyle,Cook,P,BILL,AA,0
Vincent,Hooper,P,Free Agent,A,6
John,Wurzer,P,BOW,A,9
Joey,Hoggle,1B,CHAT,A,0
Grant,Daves,P,ELP,AA,1
Garrett,Powell,SS,SCRN,ML,4
Chris,Bacon Jr,P,LYNC,A,13
Chris,Bar,LF,IDA,AA,0
Syd,Pennington,2B,MIDL,ML,1
Bill,Schlicher,C,CASP,A,0
Ted,Lasso,P,WISC,ML,8
Will,Bollinger,P,CHAT,AAA,0
Carl,Applegate,2B,SJ,AA,0
Tuan,Seckman,P,Free Agent,A,0
George,Grauberger,P,ROCK,ML,2
Randolph,Kruckenberg,CF,Free Agent,A,0
Rich,Herrera,1B,SAV,A,0
Matt,Everhart,P,MIDL,ML,2
Richard,Sitterud,SS,HART,AA,0
Charlie,Gray,2B,MAHO,A,0
Harry,Fernadez,3B,WISC,A,0
Bill,Aranda,SS,ELP,ML,2
Michael,Keyser,P,SAV,AAA,1
Jon,Green,CF,CASP,AA,0
Paul,Chepiga,1B,ELP,AA,0
George,Kane,P,OKC,ML,4
Bill,James,CF,BILL,AAA,0
Joshua,Zeiders,SS,SAV,A,0
Guillermo,Paula,P,Free Agent,A,0
Pasquale,Brandau,1B,LYNC,AAA,0
Barry,Bounsweet,3B,ELP,AA,0
Jeffery,Hill,LF,OKC,A,0
Chris,Anthony,CF,SJ,ML,9
Chris,Segoviano,LF,Free Agent,A,0
Henry,Crisp,3B,Free Agent,A,0
Ryan,Townsend,2B,BOW,AAA,0
Linc,Loft,LF,CHAT,AA,0
Lew,Littmann,C,SCRN,AA,0
Quentin,Kirkpatrick,P,BOW,AAA,0
Ralph,Rosser,P,OKC,AA,0
Lester,Schaefer,3B,Free Agent,A,0
Gale,Suchy,P,OMA,ML,0
Scot,Dillman,2B,Free Agent,A,4
Pablo,Taylor,CF,BANG,A,0
John,Patchett,P,HART,ML,2
Ed,Clark,P,LYNC,AA,0
Michael,Beardon,CF,MAHO,ML,0
Kelly,Tuttle,P,OKC,AA,0
Don,Gangler,C,Free Agent,A,0
Darin,Garrett,1B,Free Agent,A,0
Vince,Cler,RF,CASP,A,0
Bob,Lehnhoff,P,HART,ML,1
Tim,Baird,P,HART,AAA,0
Dave,Strickland,P,MAIN,A,0
Eugene,Granat,P,BOW,ML,3
Patrick,Ostermiller,CF,OMA,AAA,0
Leslie,Pringle,P,OKC,AAA,0
Daniel,Jones,P,RICH,AA,0
Brandt,Broussard,RF,BILL,ML,4
Bill,Eaglin,SS,CASP,AA,0
Joe,Barnes,SS,BANG,AA,0
Humberto,McCann,P,PEOR,A,0
Otis,Ashby,P,MAHO,AAA,0
Rayford,Lewis,P,TIJ,A,0
Mike,Goon,P,MAHO,AAA,0
Carl,Huston,P,ELP,A,0
Lindsey,White,P,SCRN,A,0
Bret,Thomas,2B,LAKE,ML,4
Shawn,Torres,C,MAIN,AA,0
Luis,Brown,P,LAKE,A,0
Henry,Mandoza,P,OMA,AAA,0
Neal,Cordell,P,LAKE,A,0
Michael,Brummitt,RF,CASP,AA,0
Alfonso,Washington,CF,BILL,AAA,0
Ricardo,Bowman,LF,LYNC,AA,0
Victor,Marion,P,ALTO,AA,0
Felipe,Galusha,CF,Free Agent,A,0
Andres,Gilmore,P,Free Agent,A,0
John,Olivo,P,ROCK,A,0
Gwynn,Brown,1B,LYNC,AA,0
Walt,Fennessey,P,SJ,A,0
Ramon,Treadway,P,CORP,A,8
Eric,Holderbaum,P,MIDL,A,0
Jim,Kimberley,P,CORP,A,0
George,Lemieux,LF,ALTO,AAA,0
Gordon,Shumway,SS,OMA,A,10
Chris,Marks,LF,OKC,A,0
Catfish,Johnson,P,Free Agent,A,0
Scott,Muske,3B,SAV,AAA,0
Todd,Hickman,1B,CASP,A,0
Goodman,Brown,C,MAHO,A,0
George,Woldridge,P,Free Agent,A,0
Jorge,Orta,SS,CASP,A,3
Raymond,Hernandez,LF,PORT,AA,0
Sean,Allen,LF,PORT,A,0
Calvin,McCook,P,LOUI,AAA,0
Robert,Riveiro,C,SCRN,A,0
Davis,Nowlan,P,MAIN,ML,4
Ray,Rider,2B,EDMO,A,0
Hosea,Fox,SS,OMA,ML,4
Mike,Bloczynski,C,SUGR,AAA,0
Carlos,Vaughan,P,Free Agent,A,0
Archie,Jones,P,Free Agent,A,0
Victor,Richmond,P,OMA,ML,6
Josh,Williams,RF,EDMO,AAA,0
Abraham,Martin,C,PEOR,A,0
Trent,Leubner,P,Free Agent,A,0
Mark,Farney,P,Free Agent,A,3
Michael,Roton,1B,SAV,A,0
Thurl,Miller,P,Free Agent,A,0
Tony,Amory,P,BANG,ML,4
Carlos,Rannells,2B,RICH,A,0
Greg,Wright,3B,AMAR,A,0
Ezekiel,Brown,P,Free Agent,A,2
Mike,Labella,CF,WISC,A,13
Moonlight,Graham,P,SAV,ML,5
Cecil,Ewing,P,CORP,AAA,0
Jonathan,Bush,P,TIJ,AAA,0
Joe,Armeli,3B,Free Agent,A,0
Gregory,Frye,P,AMAR,AAA,0
Rob,Joseph,P,CHAT,AA,0
Jose,Saldana,CF,SCRN,ML,5
Jacob,Moore,P,SAV,ML,2
Bob,Cox,2B,Free Agent,A,0
Lee,Defoore,C,SJ,ML,0
Troy,Zimmerman,P,BANG,AAA,0
Larry,Evelo,P,CHAT,AA,0
Santiago,Sullivan,P,OMA,AA,0
Bob,Farmer,LF,RICH,A,4
Howard,Hudson,SS,SCRN,A,0
Brian,Essler,SS,Free Agent,A,0
Dave,Ramos,3B,SJ,ML,11
Bucky,Strobel,P,BILL,AAA,0
Christian,Hall,SS,CORP,A,10
Tom,Black,LF,BILL,A,0
Lex,Kilfoyl,P,MIDL,AA,0
Warren,Robinson,2B,LYNC,AA,0
Mike,Hansche,P,MAHO,ML,1
Frank,Texiera,P,SCRN,AA,0
Cash,Case,2B,SCRN,A,6
Juan,Russell,1B,WISC,AA,0
Perry,Sylvestre,C,BANG,ML,6
Marcus,Kuykendall,P,MIDL,A,8
Melvin,Fowler,CF,PORT,A,0
Ashton,Appelbaum,LF,BOW,ML,10
Eliseo,Momon,P,HART,AA,0
Howie,Coulter,RF,Free Agent,A,0
Frederick,Heichel,P,MAHO,ML,1
Ed,Franklyn,RF,PORT,A,0
James,Weingartner,P,BANG,A,0
Ray,Stvrestil,P,HART,AAA,0
Jason,Pacheco,1B,LYNC,AA,0
Steven,Sroufe,RF,SAV,AAA,0
Hubert,Dorn,2B,SUGR,ML,2
Carmen,Goelz,P,Free Agent,A,12
Lawrence,Cisnero,C,Free Agent,A,0
Will,Coffin,LF,SUGR,ML,6
Jon,Rusu,1B,IDA,AA,0
Shane,Barnes,CF,BANG,AA,0
Brick,Williams,2B,Free Agent,A,0
Milton,Moore,CF,CHAT,AA,0
Bernard,Arrington,3B,ROCK,AAA,1
Virgil,Gray,3B,CHAT,AA,0
Guy,Falkowski,P,OMA,AAA,0
Marvin,Slade,P,BANG,A,0
Robert,Gore,P,HART,ML,8
Charlie,Martinez,1B,EDMO,ML,2
Dixie,Gahm,P,SCRN,A,0
Billy Joe,Baker,LF,PORT,A,5
Joe,Croom,P,CORP,A,0
Arthur,Sutton,P,MAHO,A,0
Wendell,Chizek,2B,CASP,AA,0
Clifton,Crook,LF,SCRN,AAA,0
Brian,Harian,P,PEOR,A,0
Milford,Davis,P,ALTO,A,0
Ryan,Furniss,CF,Free Agent,A,0
Elvis,Vandenbosch,P,CORP,AAA,0
James,Thaker,CF,CORP,AA,0
Dan,Shrum,P,Free Agent,A,0
Trevor,Morgan,3B,Free Agent,A,3
Keith,Moon,P,SUGR,AAA,0
Johnnie,Schneider,P,IDA,A,10
Donald,Cantell,P,SCRN,ML,3
Charlie,Pearson,P,TIJ,A,0
Stanley,Armstrong,P,LAKE,AA,0
Bruce,Pfeifer Jr,LF,IDA,ML,1
Sean,Jackson,C,OMA,ML,1
Alton,Rockefeller,2B,LYNC,AAA,0
Erwin,Nicholas,P,ELP,ML,7
Melvin,Lovell,P,IDA,A,0
John,Gilbert,P,BANG,AA,0
Duke,McCuin,P,RICH,AA,0
Loren,Salazar,P,ELP,A,0
Eddie,Atkinson,P,Free Agent,A,1
Nicholas,Hizer,P,BOW,ML,3
Manasseh,Cutler,P,CASP,AA,0
Brian,McCaffrey,C,LYNC,A,0
Ken,Masker,LF,LAKE,AAA,0
Jim,Mays,RF,SAV,A,0
Larry,Reardon,CF,Free Agent,A,4
Tracy,Yaggi,P,CHAT,ML,2
Roland,Gelsinger,CF,SAV,A,0
Louis,Brown,P,PORT,AA,0
Ed,Fortune,CF,PEOR,AAA,0
Joe,Anson,3B,SJ,A,0
Eric,Schlichting,P,Free Agent,A,0
Doug,Mearns,SS,CORP,ML,0
Joe,Altomari,LF,BANG,AA,0
Ian,McCartney,P,Free Agent,A,0
Eldon,Minderman,P,EDMO,AA,0
Myron,Delgado,P,Free Agent,A,0
Bradley,Munroe,LF,CORP,ML,1
Ed,Koh,C,IDA,AAA,0
Ralph,McComsey,3B,ROCK,AAA,0
Tim,Mantanona,P,Free Agent,A,0
Jorge,Birkenholz,P,BILL,ML,0
Victor,Gallardo,C,LOUI,A,0
Dale,Alexander,2B,WISC,AA,0
Matthew,O'Dell,SS,AMAR,A,0
Brian,Green,2B,Free Agent,A,0
Fred,Bobb,P,HART,AA,0
Dominique,Dunaway,P,RICH,A,3
Vern,Anderson,P,LAKE,AA,0
Ed,Pacquette,P,Free Agent,A,2
Stache,Boucher,P,SAV,ML,1
Frank,Fore,2B,WISC,A,0
Gus,Ashby,C,MAIN,ML,0
Franklin,Carlson,P,LAKE,ML,11
Brett,Taylor,C,SJ,A,0
George,Gillis,1B,SAV,A,0
Edgar,Pery,P,BOW,AAA,0
Joe,Conlon,LF,ELP,AAA,0
Nelson,Martin,LF,Free Agent,A,0
George,Olson,SS,Free Agent,A,0
Samuel,Fequiere,2B,SUGR,A,0
Stanley,Bynum,P,MAIN,AA,0
Curtis,Tucker,3B,SJ,A,0
Tim,Hedgepeth,RF,RICH,AA,0
Dave,Bourque,SS,PORT,A,0
Joe,Stewart,LF,SAV,A,0
Herm,Johnson,RF,Free Agent,A,0
John,Grennan,P,MAHO,AAA,0
Arthur,Histand,SS,SUGR,AAA,0
Roberto,Martinez,P,AMAR,AAA,0
Jas,Sievers,LF,OMA,ML,11
Andrew,Woodburn,C,CASP,AA,0
Grant,Johnson,P,MAIN,ML,6
Riley,Carlson,LF,AMAR,AAA,0
Trent,Crowe,CF,BILL,A,0
Jose,Thomas,P,AMAR,ML,8
Dean,Morris,RF,AMAR,A,0
Richard,Eglinton,C,Free Agent,A,0
Alexander,Ahmed,RF,CORP,AA,0
Justice,Wargrave,P,CASP,ML,1
Rolando,Ledbetter,1B,MAIN,A,10
Sam,Show,P,OMA,A,14
Bradley,McNamara,2B,CASP,AAA,0
Gerald,Marcel,P,MAIN,A,0
Gilbert,Head,2B,Free Agent,A,0
Delmer,Anderson,P,PEOR,DL,8
Raymond,Sucharski,LF,SJ,ML,0
Michael,Trabue,P,SCRN,A,0
John,Brantley,C,BANG,AA,0
Jim,Dinwiddie,2B,HART,AAA,1
Austin,Bean,2B,WISC,AA,0
Timmy,Thaden,P,LAKE,AAA,0
Harold,Angevine,P,MIDL,AAA,0
Ed,Wilkey,LF,MAHO,AAA,0
Terry,Risen,P,MAHO,AAA,0
David S.,Pumpkins,C,RICH,AA,0
Don,Tobin,LF,Free Agent,A,0
Don,Keener,CF,Free Agent,A,0
Squints,Palledorous,LF,SAV,AA,0
Jack,Revak,RF,Free Agent,A,0
Jack,Parkman,1B,ROCK,AAA,0
Gary,Stowers,C,ELP,ML,4
Ed,Bryant,LF,WISC,ML,0
Orestes,Saunders,SS,SCRN,ML,0
Lou,Portie,2B,CHAT,AA,0
Earl,Barron,P,AMAR,AAA,0
Brent,Wells,P,Free Agent,A,14
Guillermo,Guerrero,3B,TIJ,ML,0
Steven,Sokolowski,P,ROCK,A,0
Jerry,Sweeney,2B,SAV,AA,0
Dave,Skinner,RF,IDA,AAA,1
Tom,Buckner,P,Free Agent,A,0
Erwin,Martin,P,LOUI,AA,0
Richard,Hall,P,MAIN,AA,0
Jason,Skarke,P,Free Agent,A,0
Dave,Attaway,P,PEOR,A,0
Franklin,Kipka,P,Free Agent,A,0
Ernie,Moran,P,TIJ,A,0
Frederic,Oromocto,LF,BANG,ML,4
Vincent,Eaton,P,SUGR,A,0
Eric,Chapman,P,SCRN,A,0
Ryan,Starling,RF,MAHO,ML,0
Steve,Ratcliff,P,Free Agent,A,7
Terry,Wilson,P,MAHO,ML,2
Clay,Tran,SS,ELP,AAA,0
Keith,Erskin,P,AMAR,ML,2
Ollie,Mena,P,BILL,A,0
Mike,Zegarra,P,PEOR,A,0
Hilario,Reyna,P,HART,A,0
Bill,Woods,2B,CORP,ML,0
Bob,Myrick,P,Free Agent,A,0
Frank,Donahue,P,SUGR,AA,0
Tom,Cangiano,SS,PORT,AAA,0
Scott,Starnes,P,MAIN,AA,0
Travis,Hernandez,P,AMAR,AA,0
Waldo,Riney,CF,BILL,A,5
Irv,Hill,CF,SJ,A,0
Woody,Selley,LF,HART,ML,3
Ken,Gooch,SS,RICH,ML,1
Hector,Coates,LF,MAHO,A,0
Thomas,Horkley,P,ROCK,AAA,0
William,Arico,P,Free Agent,A,0
Matthew,Longoria,SS,PEOR,A,0
Chris,Yount,P,CHAT,AA,0
Sterling,Marlin,CF,OKC,ML,3
Willard,Alexander,2B,WISC,AA,0
Timothy,Crooks,P,Free Agent,A,0
Sean,Fonner,LF,TIJ,A,0
John,Herbig,2B,LYNC,AAA,0
Joe,Budde,1B,ELP,A,0
Lawrence,Bastarache,RF,SUGR,AA,0
Craig,Daum,P,OMA,AA,0
Walt,Monsrud,SS,LOUI,A,0
Mel,Barnum,P,TIJ,ML,2
Lewis,Scott,3B,SCRN,AA,0
Aaron,Cabrera,C,SAV,A,5
Otis,Gojcaj,SS,OKC,AAA,0
James,Reynolds,RF,RICH,AA,0
Ralph,Williams,3B,ROCK,A,0
Lonnie,Lusco,SS,Free Agent,A,0
Joe,Jordan,CF,SAV,A,0
Joshua,Rael,P,OKC,ML,1
Paul,Flock,P,MAHO,A,1
Richard,Fry,P,MAHO,AAA,0
Brian,Carr,C,Free Agent,A,0
Jim,Karr,1B,IDA,AA,0
Jerry,Livingston,2B,BOW,AAA,0
Jim,Parker,C,BANG,A,0
Ronald,Davis,1B,LYNC,A,0
Patrick,Woodruff,2B,Free Agent,A,0
Freddy,Parra,P,OMA,AAA,0
Baker,Cook,2B,PORT,A,0
Tom,Shimmel,RF,MAIN,AAA,0
Benjamin,Pugh,2B,PEOR,AAA,0
Joe,Mulkhey Jr,RF,BILL,ML,5
Mark,Armstrong,3B,Free Agent,A,0
Rick,Marsh,3B,CHAT,A,0
Ichiro,Thomas,SS,CASP,AA,0
Emerson,Burnett,LF,WISC,AA,0
Delmar,Valentine,SS,ALTO,A,0
Luther,Capizzi,LF,SUGR,A,0
Peter,Sulzen,LF,SAV,AAA,0
Willie,Marshall,CF,SAV,A,0
Bob,Mosier,RF,BANG,A,0
Bennie,Ronda,C,HART,ML,3
Lyndon,Turner,LF,SAV,ML,2
Kirk,Kinsler,P,WISC,A,9
Alfred,Harrison,RF,IDA,AA,0
Morgan,Holsinger,2B,ROCK,AAA,0
Rob,Clark,P,ROCK,A,0
Jim,Kolk,RF,BOW,AA,0
Reynaldo,Schorsch,P,CORP,A,0
Myles,Escobar,CF,BOW,AA,0
Butch,Maasch,P,WISC,A,0
Steve,Gaffey,P,PEOR,A,0
Hershel,Whalen,C,PEOR,AA,0
Herm,Moore,SS,CHAT,AA,0
Pete,Sirak,P,Free Agent,A,0
Samuel,Carter,P,OMA,AA,0
Tom,Conway,P,SCRN,ML,6
Adalberto,Martinez,P,MIDL,ML,4
Joe,McGuire,P,SJ,A,0
Hong,Crowe,P,SUGR,A,0
Giovanni,Winnike,P,OKC,A,0
Joshua,Tate,P,SCRN,A,0
Tom,Bellucci,P,ALTO,AA,0
Miles,Januszewski,P,MIDL,A,0
Mark,Odom,SS,CHAT,ML,2
Ernie,Becker,C,CASP,ML,1
Steve,Anderson,P,OKC,AA,0
Edgar,Masters,P,MIDL,A,0
Carlo,Heath,P,Free Agent,A,5
John,Madriz,P,EDMO,A,0
David,Sharma,P,Free Agent,A,0
Jamie,Gomez,P,SJ,AA,0
Al,Peavy,P,AMAR,AA,0
Harry,McMasters,2B,CHAT,A,0
Rob,Drake,P,Free Agent,A,0
Tip,Heikes,P,Free Agent,A,0
Norman,Cotton,P,EDMO,AAA,0
Abe,Froman,1B,RICH,AA,0
Miguel,Kowalik,1B,CASP,A,0
Pasquale,Jenkins,2B,AMAR,A,0
Lo,Chamberlain,LF,MIDL,ML,3
Ezra,Guerra,P,Free Agent,A,0
Marc,Hartigan,P,Free Agent,A,0
Gary,Yates,P,SCRN,AA,0
Tom,Cancilla,2B,WISC,A,0
Andrew,Cullen,3B,IDA,A,0
Roberto,Weaver,3B,CASP,A,0
Edison,Morga,P,Free Agent,A,0
Greg,Crouse,2B,SUGR,AAA,0
Brian,Buchana,C,CHAT,A,0
Perch,Perkins,P,HART,AAA,0
Luis,Nix,3B,WISC,AA,0
George,Dobbs Jr,P,LYNC,AA,0
Dan,Milosevic,C,IDA,AA,0
Matthew,Misumi,1B,SJ,A,0
Neil,Hurtado,CF,LYNC,ML,3
Morris,Tjarks,SS,BILL,AAA,0
Burgess,Keating,2B,AMAR,A,0
Rudolph,Gordin Jr,3B,Free Agent,A,0
Terrance,Gaynor,3B,RICH,A,0
W.B.,Jones,SS,Free Agent,A,0
Dave,Hubbell,P,BILL,ML,1
Hub,Asbell,P,PEOR,ML,1
Jim,Thomason,RF,LOUI,A,2
Darryl,Templin,CF,BILL,AAA,0
Scot,Choe,RF,Free Agent,A,0
Greg,Abrego,C,CASP,AA,0
Miguelito,Martinez,P,MIDL,AAA,0
Van,Huddleston,1B,Free Agent,A,0
Mike,Carbine,1B,LYNC,AA,0
Gabriel,Rodriguez,SS,MAIN,A,0
Scott,Pine,P,MAIN,ML,7
Ron,Elliott,LF,LYNC,A,0
Wyatt,Rice,CF,LYNC,A,0
Typhoon,Laffoon,P,BANG,AA,0
Edgar,Greggs,3B,Free Agent,A,0
Myron,Lewis,SS,CASP,AA,0
Jaime,Perez,RF,BILL,A,0
Steve,Carrano,CF,BILL,AAA,0
Don,Lenig,LF,Free Agent,A,0
Jadynaire,Honeycut,P,LAKE,AAA,0
Jason,Aleo,RF,Free Agent,A,0
Clifford,Dennison,P,MIDL,ML,1
Bubba,Jones,P,MAHO,A,0
Jerry,Irving,P,SCRN,AAA,1
Michael,Dodge,SS,CASP,ML,3
Earl,Anderson,P,BOW,A,0
Shawn,Rudolf,RF,WISC,AA,0
Pat,Farmer,1B,ALTO,AAA,0
Eric,Saglibene,3B,SAV,ML,0
Dave,Hurst,P,EDMO,A,0
J. Quincy,Magoo,P,Free Agent,A,11
Roderick,Hayes,P,ELP,AAA,1
Harvey,Holguin,P,Free Agent,A,0
Gordon,Swiggett,C,WISC,AA,0
Braxton,Uber,SS,LYNC,AAA,0
Chris,McKendree,2B,CHAT,AA,0
Corey,Kemnitz,2B,BANG,AAA,0
Babe,Engroff,P,ALTO,A,0
August,Myers,C,MIDL,A,9
Rube,Easton,RF,AMAR,AA,0
Butch,Vick,RF,IDA,AAA,0
Mark,Domingo,P,OMA,AA,0
John,Bessey,P,MAHO,AAA,0
Cal,McGraw,P,LAKE,A,0
Simon,Murphy,P,RICH,AA,0
Mike,Fiorelli,P,LOUI,AAA,0
Gary,Ramirez,P,TIJ,A,0
Danny,Kwon,RF,MAIN,ML,0
Walt,Prewitt,P,OKC,A,0
Jim,Nelson,P,HART,AAA,2
Paul,Taing,P,PORT,AAA,6
Jason,Warren,P,SAV,A,8
Alexis,Otte,P,SAV,ML,6
Sydney,Sickels,P,MIDL,AA,0
Hickey,Hicks,1B,CHAT,AAA,0
Kevin,Wortham,C,SUGR,A,5
Tommy,Nitti,P,SCRN,AA,0
Tim,Prosser,RF,OKC,AAA,0
Joe,Bujnowski,RF,OMA,AA,0
Ken,Glenn,P,IDA,A,0
John,Coy,P,IDA,A,5
Jason,Poynter,P,SCRN,A,0
Jeffery,Stevens,P,Free Agent,A,0
Nathan,Foust,LF,SCRN,AAA,0
Carl,Mrozek,1B,WISC,AAA,0
Don,Alexander,P,MIDL,A,0
Andrew,Kallman,P,SJ,A,0
Mark,Wood,2B,OMA,AAA,0
Terry,Moore,2B,EDMO,ML,1
Ed,Webster,C,BANG,AA,0
Frank,Peters,3B,BOW,AA,0
Sergio,Clark,LF,PORT,AA,0
Napoleon,Spring,RF,OMA,A,0
Frank,Jude,P,ROCK,AAA,0
Uriel,Christian,2B,RICH,AA,0
Steve,Velasco,P,MAHO,AAA,0
Brent,Spade,P,TIJ,A,13
Alan,Leonard,C,BOW,AA,0
Elmer,Pecor,P,Free Agent,A,0
Ashton,Bryant,P,Free Agent,A,3
Tommy,Lopez,RF,PORT,A,0
Glenn,Saunders,C,EDMO,AA,0
Jeffrey,Fiorini,2B,CASP,ML,3
Emile,Fadale,2B,ELP,AAA,0
Rayford,Pardon,P,Free Agent,A,0
Eddie,Harris,P,ROCK,AAA,3
Dave,Rice,1B,BOW,AAA,0
Herold,Compton,P,Free Agent,A,1
Jessie,Amspoker,P,Free Agent,A,0
Bartholomew,Bollocks,P,PORT,ML,5
Vince,McHenry,SS,BILL,AA,0
Francis,Bass,P,Free Agent,A,0
Louis,Holloran,SS,BILL,A,0
Dan,Duffy,CF,LYNC,A,0
Dewey,Johnson,3B,Free Agent,A,0
Howard,Bruns,C,SJ,ML,1
Kurt,Hunnicut,P,TIJ,A,5
Val,Garcia,P,SJ,ML,1
Angelo,Wasowski,RF,BOW,AA,0
Cooper,Davis,CF,HART,AAA,1
Jeffrey,Vasil,2B,SCRN,AA,0
Steve,Stewart,P,PEOR,AA,0
Scott,McGrew,C,Free Agent,A,0
Bill,Tafoya,P,PORT,ML,9
Bub,Arroyo,SS,AMAR,A,12
Jimmie,Koeppe,CF,WISC,AAA,0
Boyd,Ransom,LF,PEOR,AA,0
Tom,Reichmann,SS,Free Agent,A,0
Jack,Ciesco,1B,Free Agent,A,0
Bill,Lem,C,Free Agent,A,0
Mark,Bodi,P,MAHO,ML,9
Malcolm,Sandberg,C,IDA,AA,0
Willis,Der,1B,CHAT,A,0
Denny,Cuthbertson,P,Free Agent,A,3
Rich,Ross,3B,PORT,A,0
Henry,Stark,3B,OKC,AAA,0
Graham,Peck,3B,ROCK,A,1
Cletus,Romrell,P,LOUI,ML,3
Chris,Brieno,C,CHAT,A,0
Jim,Leyland,SS,WISC,AAA,0
Norm,Dean,LF,SAV,AA,0
Fernando,Marcinkowski,P,CORP,ML,9
Alberto,Jaramillo,1B,BILL,A,0
Mark,McCaskell,P,MIDL,AAA,0
Joe,Parks Jr,CF,RICH,AA,0
Bill,Kosinar,C,ELP,AA,0
Bill,Rew,2B,PORT,A,0
Alvin,Watkins,P,SJ,AAA,0
Phillip,Fenton,3B,IDA,A,0
Marv,Reinoso,SS,LAKE,A,0
Alfred,Simpson,LF,SJ,A,0
Laverne,Franklin,P,ALTO,AA,0
Nicholas,Watkinson,P,LAKE,AAA,0
Rolland,Bernal,SS,TIJ,ML,9
Rob,Cockerham,LF,Free Agent,A,0
Jack,Clough,P,ROCK,ML,6
Jeffrey,Pierce,P,MAHO,ML,1
Stephen,Thompson,CF,LAKE,A,0
Howard,Dacy,P,BILL,AAA,0
Bryan,Ribas,RF,CASP,A,0
Sam,Slaton,P,RICH,A,0
Justin,Junke,P,TIJ,A,0
Willis,Whittler,LF,ELP,ML,2
Paul,Handler,P,IDA,ML,3
Chris,Sarkin,P,SCRN,A,0
Ira,Randolph,P,LOUI,AAA,0
Glenn,Bodkin,2B,BOW,AAA,0
Lem,Spafford,P,WISC,A,8
Scott,Muniz,P,OKC,A,0
Paul,Madkins,3B,EDMO,AA,0
Jared,Hamilton,P,MIDL,AA,0
Henry,Wenzel,P,CHAT,AAA,4
Eddy,Stgermain,P,Free Agent,A,0
Odie,Shrode,P,Free Agent,A,0
Alex,Raudenbush,P,MAHO,ML,6
John,Edwards,1B,CHAT,ML,6
Jason,Frost,2B,PORT,ML,1
Brandon,Eubanks,CF,SCRN,AAA,0
Jose,McMillan,P,ROCK,A,0
Eugene,Friedrich,P,SCRN,ML,10
Trevor,Ramirez,P,ALTO,A,0
Curtis,Tuazon,P,OKC,A,0
Jay,Banks,P,IDA,ML,4
Johnny,Richards,P,CASP,A,0
Harold,Gordon,P,CORP,AAA,0
Moises,Ellard,P,SCRN,AAA,0
Mike,Howell,C,CHAT,ML,0
Kenny,Williams,1B,OMA,AA,0
Matthew,Countryman,P,OKC,AA,0
Gene,Rollinson,P,OMA,AA,0
Vaughn,Ivy,1B,PORT,ML,4
Jerrod,Kai,C,OMA,AA,0
Larry,Cooper,P,SAV,A,0
Marcus,Adkins,LF,SJ,AA,0
Marquis,Malkani,P,IDA,AA,0
Vincent,Cannon,P,ELP,AA,0
Gene,Lindsay,CF,SAV,AA,0
Tara,Strong,LF,WISC,ML,12
Omar,Carnett,P,SCRN,A,0
Calvin,Lukaszewski,P,Free Agent,A,0
Charlie,Millis,3B,ROCK,AA,0
Robert,Benvenuto,SS,LAKE,AA,0
Henry,Jones,P,ALTO,AA,0
Vincent,Gilkerson,P,CORP,A,0
Philip,Daniels,RF,LYNC,AA,0
Joe,Helm,P,OKC,AA,0
Peter,Fuerstenberge,2B,CASP,A,0
John,Bearden,P,Free Agent,A,0
Timothy,Bowen,SS,SAV,A,0
Cary,Harness,C,BOW,ML,1
Drew,Ordway,2B,OKC,A,0
Ed,Arthur,SS,LAKE,AAA,0
Clement,Cameron,3B,IDA,AAA,0
Jim,Deyoung,P,Free Agent,A,0
Ray,Lertora,RF,PORT,A,0
Christopher,Canney,P,LOUI,AA,0
Milt,Pallotta,3B,SCRN,AAA,0
Travis,Burakowski,RF,SAV,A,0
Jeffrey,Kelly,1B,PEOR,AAA,0
Sterling,Wheller,SS,CHAT,AA,0
Clarence,Cole,2B,MAIN,A,0
Warwick,Perez,C,CORP,A,0
Ralph,Guardado,LF,MAHO,AA,0
Cory,Houston,1B,PEOR,A,0
Jose,Raffaele,SS,BILL,AAA,0
Nolan,Creehan,P,MAHO,A,3
Grant,Vangelder,2B,Free Agent,A,0
Jim,Harden,2B,ALTO,A,0
Ariel,Knapper,P,MIDL,AA,0
Gary,Wilson,P,LAKE,AAA,2
Dennis,Maltez,P,OMA,AA,0
Tommy,Ourada,SS,Free Agent,A,0
Luis,Russum,CF,IDA,ML,1
Al,Gonzalez,2B,AMAR,AA,0
Sam,Barnicle,3B,HART,A,0
Anthony,Black,SS,WISC,A,0
Joe,Loop,C,Free Agent,A,0
Modesto,Startz Jr,CF,BILL,ML,0
Melvin,Travis,2B,LOUI,AA,0
Rolland,Waldo,LF,WISC,A,0
Johnnie,Edwards,SS,BOW,ML,4
Joe,Millstone,3B,WISC,AA,0
Dan,Riddle,SS,AMAR,ML,6
Lance,Reaume,CF,SAV,A,0
Charles,Mathurin,CF,LYNC,AA,0
Larry,Brooks,RF,EDMO,ML,3
Nathan,Trevino,RF,LAKE,A,0
Walter,Hagberg,LF,LYNC,AAA,0
Conrad,Diaz,SS,CASP,AA,0
Dave,Pabst,RF,OMA,ML,2
Carl,Felarca,1B,EDMO,A,14
Simon,Dure,P,OKC,A,0
Mike,Kneeskern,P,ALTO,A,0
Scott,Hayes,RF,Free Agent,A,0
Jim,Hatton,P,Free Agent,A,4
Paul,Paseur,P,BANG,A,0
Stefan,Fleischacker,CF,EDMO,ML,2
Billy,Pena,P,TIJ,ML,1
Napoleon,Solo,P,SUGR,ML,3
Thomas,O'Neill,P,LOUI,ML,11
Gary,Waligora,P,EDMO,ML,8
Gary,Henderson,P,SCRN,A,0
Chester,Kane,P,ROCK,ML,1
Matthew,Stewart,SS,ELP,AAA,0
Nicholas,Cooper,P,SUGR,AA,0
Charles,Fry,P,SUGR,AAA,0
Ben,Swoffer,P,LOUI,AAA,6
Richard,Pelch,P,OKC,A,0
Johnny,Silverhand,1B,SCRN,ML,1
Herbert,Betts,P,Free Agent,A,0
Tex,Morin,P,MIDL,AAA,0
Carlos,Rinehart,LF,SCRN,ML,2
Jeffrey,Whitney,C,PORT,ML,2
Milt,McCormick,P,Free Agent,A,0
Nick,McDonald,P,SCRN,AA,0
Willie,Cohee,P,BANG,AA,0
Carter,Soohoo,RF,MAHO,AAA,0
Bob,Freetage,P,Free Agent,A,0
T.J.,Rumpelstiltskin,P,LYNC,ML,7
Leslie,Kenny,P,LAKE,ML,1
Ken,Suri,P,SUGR,AAA,0
Darrel,Davidson,P,LOUI,AAA,0
John,Larsen,P,PORT,A,0
Alvin,Talbert,P,MAHO,A,0
Jim,Presley,P,SCRN,ML,8
Gerald,Mitchell,P,SCRN,A,0
Gerald,Brown,1B,BOW,ML,0
Raul,Marcil,P,ALTO,A,0
Samuel,Taylor,P,Free Agent,A,0
Walt,Korpela,P,BOW,A,0
John,Salamacha,P,AMAR,A,0
Jon,Frutos,SS,CHAT,ML,3
Oscar,Starnes,P,LOUI,AAA,0
Dana,Enger,2B,CORP,AAA,0
Moses,Rada,CF,CHAT,A,0
Ron,Curington,C,OKC,AAA,0
Giovanni,Geringer,P,SUGR,AAA,0
Nicholas,Worland,CF,RICH,A,0
Nathan,Orr,1B,SCRN,AA,0
Ronnie,Pinelli,LF,LOUI,AA,0
Kevin,Farnell,1B,MIDL,A,0
Bob,Golston,P,BILL,AAA,0
Theodore,Palomar,1B,IDA,AA,0
Marc,Hunsley,CF,CORP,A,0
Andrew,Rice,2B,BOW,AA,0
Eugene,Fox,3B,RICH,A,0
Andrew,Jones,P,SCRN,ML,3
John,Alvarado,LF,LYNC,AA,0
Oscar,Jepperson,C,OKC,A,9
Paul,Villarreal,SS,MAIN,A,0
Antonio,Davis,P,OMA,AA,0
Leonard,Lynch,C,LAKE,A,0
Matthew,Ward,1B,OMA,A,0
Rich,Harper,2B,ROCK,A,0
George,Baldwin,3B,SAV,A,0
Justin,Frihart,1B,RICH,AA,0
Andrew,Wiegand,1B,WISC,AA,0
Hank,Yarbo,P,MAIN,ML,1
Willy,Wonka,SS,SJ,A,8
Maximilian,Rathbone,3B,PEOR,AAA,0
Mark,Angwin,SS,SUGR,A,0
Eric,Williams,LF,LOUI,A,0
Brett,Dickinson,C,OKC,AA,0
Ken,Rivera,2B,SAV,ML,4
Mike,McMullen,1B,BOW,AA,0
Franklin,Rivera,RF,WISC,AA,0
Ryan,Woods,P,LOUI,AAA,0
Ivan,Herrera,CF,ROCK,A,0
Daniel,Fritzman,P,SJ,ML,14
Marshall,Sleestak,2B,LYNC,ML,5
Chris,Lyons,LF,MAIN,AA,0
Scott,Johnson,P,BOW,ML,2
Bub,Kettering,RF,TIJ,A,0
Wilfredo,McGarvey,P,OKC,AAA,0
Mark,Vance,SS,CASP,AA,0
Xander,Jones,2B,CASP,ML,3
Jeffrey,Jacks Jr.,P,ELP,AAA,0
Harry,Webber,3B,Free Agent,A,0
Andrew,Woolf,C,CASP,AA,0
Bill,Traister,RF,PORT,AAA,1
Jim,Graves,RF,BOW,ML,0
Tom,Kabbin,P,PEOR,A,0
Bob,Letchworth,3B,BANG,ML,3
Pasquale,Allen,1B,MIDL,AAA,0
Bill,Murphy,P,BILL,AAA,0
Jim,Terry,LF,OMA,A,4
Jose,Schultz,RF,IDA,ML,3
Lew,Chenault,P,BOW,AAA,0
Kenneth,Scott,P,MIDL,A,0
Fusilli,Jerry,P,SJ,ML,1
Russ,Morrison,P,ALTO,ML,5
Joe,Parker,P,RICH,AA,0
Silas,McGinnis,2B,HART,AAA,0
Dalton,Cottrell,CF,SCRN,AAA,3
Cruz,Butler,1B,LYNC,AAA,0
Leonardo,Santellan,C,Free Agent,A,0
Frank,Castle,RF,LYNC,ML,1
Lloyd,Welch,P,PEOR,A,0
Roscoe,Alfonzo,1B,Free Agent,A,0
Terry,Lesperance,P,BOW,A,0
Wyatt,Flintrock,P,LAKE,ML,10
Everett,Allen,1B,LAKE,A,2
Wendell,Hille,2B,IDA,AAA,0
Issac,Wells,2B,Free Agent,A,0
Morgan,Day,P,MIDL,AA,0
Johnnie,Ferrell,P,SJ,ML,3
John,Richards,P,Free Agent,A,9
Kerrington,Carthon,P,CORP,A,0
Adam,Gray,C,IDA,ML,2
Leroy,Stewart,3B,Free Agent,A,0
Carl,Stewart,P,EDMO,AAA,5
Deacon,Trivisonno,LF,RICH,AA,0
George,Doke,P,TIJ,ML,1
Samuel,Moreno,P,BANG,A,0
Frank,Penttila,P,MAHO,AAA,0
Dave,Bradley,P,PEOR,A,0
Joey,Cox,RF,LOUI,AA,0
Emmett,Marquez,P,LAKE,A,0
Cleveland,Garcia,P,AMAR,AA,0
Harold,Crawford,P,RICH,A,0
Forrest,Neal,SS,Free Agent,A,0
Timothy,Nylen,P,CASP,AAA,3
Barry,Perrien,P,CHAT,AA,0
Alfred,Kolle,2B,BOW,AAA,0
Jose,Cork,P,PEOR,ML,12
Jose,Barrows,3B,CHAT,AA,0
Charlie,Voller,P,CORP,A,0
George,Calcagni,1B,CORP,AAA,0
Bret,Miles,P,HART,ML,3
Gary,Cash,P,MAIN,A,0
Sammy,Johnson,C,PEOR,AAA,0
Leroy,Dillie,RF,Free Agent,A,0
John,Burch,C,CHAT,A,0
Frankie,McCallister,3B,EDMO,A,0
Joss,Whedon,1B,LYNC,AA,0
Francisco,Rolfes,P,SJ,AAA,0
George,Robinson,CF,EDMO,AA,0
John,Owens,3B,PORT,AAA,0
Erubiel,King,RF,MAHO,ML,1
Phillip,Vasquez,C,TIJ,ML,1
Frank,Larsen,C,ELP,A,0
Ron,Fraser,3B,WISC,AA,0
Everett,Stokes,LF,OMA,AA,0
Duane,Oatman,SS,MAIN,A,0
Eli,Oka,2B,MAIN,AA,0
Alan,Junes,P,CORP,ML,11
Mohammad,Campbell,CF,AMAR,A,0
Sam,Lee,3B,ROCK,AAA,0
Guy,Montag,P,RICH,A,11
Steven,Pikes,C,MAHO,ML,1
Edwin,Gobble,C,AMAR,AA,0
Frank,Tucker,P,OMA,AAA,0
Corey,Ma,P,Free Agent,A,0
Somerset,Hall,C,SJ,ML,7
Johnny,Drama,1B,SAV,ML,0
Larry,Leftridge,RF,SCRN,ML,1
Arthur,Jacquot,P,Free Agent,A,0
Willie,Hildring,P,AMAR,AAA,0
Bob,Number,3B,BOW,A,0
Mike,Hougen,C,MIDL,A,0
Jeffrey,Mak,P,TIJ,ML,12
Delford,Chambless,RF,LYNC,AAA,0
Malcolm,Siegel,C,SAV,AAA,9
Alexander,Lefkowitz,1B,OKC,A,0
Harry,Asplin,P,MAIN,AA,0
Robin,Sibilia,2B,IDA,A,0
Cedric,Peteet,1B,PEOR,AA,0
Victor,Perlich,SS,Free Agent,A,2
Guillermo,Hart,P,OMA,AA,0
Dave,Braun,3B,CASP,A,0
Michael,Gillum,P,Free Agent,A,0
Kevin,Reeves,P,ROCK,AA,0
Bob,Alexander,1B,LAKE,ML,0
Todd,Brumit,C,RICH,AAA,0
Milt,Kane,SS,WISC,A,0
Paul,Bonnell,LF,LAKE,A,0
Ricky,Steamboat,2B,PORT,AAA,0
Marion,Morra,LF,CHAT,AAA,0
Steve,Guidry,RF,MAHO,ML,7
Nathaniel,Zamora,P,HART,AA,0
Willard,Isom,C,SCRN,ML,2
Shelby,Kaley,CF,OKC,A,0
Bob,Sanches,P,Free Agent,A,0
Mike,McElroy,RF,LYNC,A,0
Wes,Matousek,P,IDA,ML,1
Rodney,Khalaf,P,CORP,AAA,0
Kelly,Maxwell,P,RICH,ML,5
Charlie,Wilkinson,P,Free Agent,A,0
Dale,Nolley,P,SUGR,A,0
Robert,Handy,P,WISC,ML,3
Denis,Lowery,P,MIDL,A,0
Charlie,Dooley,3B,CHAT,ML,2
Mike,Quayle,P,LYNC,A,0
Ryan,Wilkerson,RF,EDMO,AA,0
Ed,White,P,IDA,A,0
Mike,Byrne,3B,PORT,AAA,0
Leonardo,Marmas,P,ALTO,ML,5
Mike,Ploeger,P,Free Agent,A,12
Mike,Hollington,P,OKC,ML,1
Dave,Norling,P,SJ,ML,7
Joel,Santana,P,Free Agent,A,0
Samuel,Howard,P,MIDL,A,0
Bob,McFall,P,ELP,A,0
Marquis,Williams,CF,RICH,AAA,0
Bull,Durham,LF,SAV,AA,0
Ron,Zukowski,C,SUGR,ML,6
Jimmy,Diaz,P,ALTO,A,0
Dexter,Morgan,P,AMAR,ML,10
Ron,Guss,P,ROCK,A,0
Matthew,Schneider,P,IDA,A,7
Marc,Crothers,P,Free Agent,A,0
Tim,Abdalla,P,SCRN,AAA,0
Ryan,Mimis,1B,TIJ,AA,0
Charles,Stewart,P,RICH,A,0
Alexander,Hairston,SS,EDMO,AAA,0
Leonel,Goldthwaite,C,Free Agent,A,0
Bryant,Guise,SS,ALTO,ML,2
Wright,Patterson,C,AMAR,AAA,0
Alexander,Tunstall,P,ROCK,A,0
Randall,Wilke,LF,CASP,A,0
Bill,Croes,C,SCRN,AA,0
Freddie,Johnson,2B,ELP,AAA,0
Guy,Chancy,RF,RICH,A,4
Pax,au Telemanus,CF,ELP,AAA,0
Bill,Yip,1B,TIJ,AAA,0
Charles,Searcy,RF,IDA,A,0
Brian,Kennedy,RF,MAIN,A,0
Royce,Schroth,1B,Free Agent,A,0
Brian,Paradowski,1B,CASP,A,0
Joe,Grossman,P,BOW,ML,4
Ferdie,Landry,3B,WISC,A,4
Justin,Crawford,2B,EDMO,AAA,0
Shawn,Bumpers,P,SAV,A,2
Cory,Putman,1B,Free Agent,A,1
Billy,Osterberg,RF,SJ,AA,0
Kenneth,Roark,SS,CASP,AAA,0
Rodger,Dent,2B,HART,A,0
Kelvin,Huntington,RF,LYNC,ML,1
James,Vonbargen,1B,PEOR,AAA,0
Eric,Bohlmann,2B,Free Agent,A,0
Wendel,Allen,3B,Free Agent,A,0
Oren,Yasutake,SS,Free Agent,A,0
Homer,Sirles,2B,AMAR,A,0
Alexis,Whaley,CF,BANG,ML,2
Jim,Klein,SS,SCRN,A,0
Billy,Wagner,RF,Free Agent,A,0
Jeff,Dicorcia,3B,Free Agent,A,1
Sadie,Russo,C,CASP,A,0
Charlie,Crout,1B,BILL,A,0
James,Harris,LF,OMA,AAA,0
Glenn,Beck,LF,CASP,AA,0
Lucky,Baldwin,P,ALTO,ML,2
Paul,Green,2B,LOUI,A,0
Blake,Shipe,P,HART,AA,0
Wolfie,Herring,P,BANG,ML,2
Arnie,Monares,1B,LYNC,AA,0
Terry,Cohen,P,RICH,AA,1
Kim,Artalejo,P,SJ,AA,0
Ed,Allen,P,OMA,ML,9
Lance,Ward,3B,CASP,A,0
Damon,Marshall,CF,CHAT,ML,4
Sam,Meahl,1B,OMA,ML,11
Craig,Rudolph,P,BANG,ML,1
Odell,Villamar,P,RICH,ML,7
Scott,Humbird,P,HART,AAA,0
Steven,Corman Jr,SS,ELP,A,0
Dave,Thomason,2B,EDMO,AA,0
Forrest,Chiarello,LF,TIJ,A,0
Jeffrey,Aracena,CF,CHAT,A,0
Frank,Mallory,P,SCRN,AA,0
Bernie,Dahlheimer,1B,MAIN,A,1
Joe,Sheridan,3B,PEOR,AAA,1
Arthur,Anderson,RF,LAKE,A,0
Darrin,Yates,P,LAKE,ML,13
Rodney,Harvell,1B,PEOR,AAA,0
Lorenzo,Webster,P,Free Agent,A,0
Johnny,Brennan,CF,MAHO,AAA,0
Ezekiel,Davis,P,Free Agent,A,0
Gus,Dunlap,P,ALTO,A,0
Don,Martin,P,WISC,ML,7
Amaury,Moore,P,PEOR,A,0
Shane,Metcalf,P,EDMO,AAA,2
Darrell,Meyer,P,Free Agent,A,0
Terry,Jones,P,IDA,AA,0
Landon,Rodgers,P,PORT,A,0
Drew,Evans,P,ROCK,A,0
Derrick,Barron,P,SCRN,A,0
Keith,Kearley,3B,PORT,AAA,0
Levi,Stoetzel,SS,ROCK,AAA,0
William,Ho,P,SUGR,A,0
Odie,Vick,P,SCRN,AA,0
Cecil,Wiebold,P,Free Agent,A,0
Rafael,Berry,3B,IDA,AA,0
Brandon,Ricard,RF,PEOR,AA,0
Russell,Delaughter,P,OKC,A,0
Leland,Rutledge,SS,IDA,AAA,0
Clifford,Morris,P,TIJ,ML,1
Keith,Andringa,RF,Free Agent,A,0
Benjamin,Laible,P,LOUI,A,0
Max,Bird,P,BILL,ML,4
Cameron,Isabel,3B,WISC,AAA,0
Jean,Cavez,P,MIDL,A,0
Wayne,Pipkins,1B,AMAR,ML,3
Bruno,Aggarwal,P,CORP,A,0
Hayden,Davis,CF,LYNC,AA,0
Jersey,Giacomini,SS,LAKE,ML,0
Bob,Hallford,1B,CORP,AAA,0
Mike,Beerly,P,IDA,A,0
Jonathan,Ray,LF,BANG,AA,0
Donnie,Midyett,LF,Free Agent,A,7
Ron,Harris,2B,BANG,AA,0
Roosevelt,Jones,C,Free Agent,A,0
Fernando,Farruggio,P,Free Agent,A,8
Gabriel,Brooks,SS,Free Agent,A,0
Anthony,Ihde,LF,CORP,A,0
Sam,Stage,SS,EDMO,A,0
Johnnie,Benes,2B,CASP,AA,0
Lee,Erickson,C,PORT,A,0
Mike,Peasley,C,MAIN,A,0
Francisco,Nguyen,RF,BOW,AAA,0
Bill,Floyd,SS,SJ,A,0
Willie,Holt,C,Free Agent,A,0
Kirk,Moran,CF,MIDL,A,0
Pete,Moon,P,LOUI,ML,0
Joe,Montano,CF,MAIN,ML,0
Ren,Sandercock,P,MIDL,ML,1
Goldie,Mosey,3B,PORT,A,0
Clifford,Segall,CF,SUGR,ML,0
Paul,Quinn,3B,IDA,AA,0
Chris,Yonke,3B,Free Agent,A,4
Marcos,Sampson,P,TIJ,AAA,0
Odie,McHenry,P,SJ,AA,0
John,Garcia,P,MIDL,AA,0
Oliver,McDuffie,P,Free Agent,A,3
Jonas,Moore,C,LYNC,A,0
Eugene,Hudspeth,P,IDA,A,5
Russel,Reynolds,3B,OKC,AAA,0
John,Metcalf,P,SCRN,ML,11
Peter,Wallace,1B,BILL,A,0
Warren,Williams,LF,Free Agent,A,4
Tom,Spence,RF,HART,AA,0
Bill,Lee,P,BOW,ML,6
Chuck,Woolery,RF,BANG,AAA,0
Joe,Palomarez,2B,BANG,A,0
James,Bessent,C,ALTO,ML,7
Luke,Walker,3B,LOUI,A,0
Mark,Krois,1B,IDA,AA,0
Leon,Weisgerber,3B,AMAR,AA,0
Eric,Cardoza,SS,RICH,A,0
Charlie,Nancy,2B,HART,AAA,0
Jon,Aguilar,LF,SAV,A,0
Monroe,Sandoval,CF,HART,A,0
Rico,Goldsberry,CF,MIDL,ML,1
Garrett,Quinlan,RF,LYNC,A,0
Andrew,Edick,2B,ROCK,ML,5
Claude,Harris,LF,Free Agent,A,0
Raphael,Cotnoir,P,ALTO,A,0
Chris,Price,RF,Free Agent,A,0
Zager,Evans,LF,PEOR,AAA,0
Jose,Gondola,3B,LAKE,AAA,0
Tom,Dahms,P,IDA,A,2
Charles,Gabriel,RF,Free Agent,A,0
Terry,Edwards,RF,ROCK,AAA,0
Charlie,Dietzman,P,LOUI,A,0
Robin,Christiansen,P,SUGR,A,0
Eric,Devore,P,PEOR,A,0
Michael,Peake,LF,BOW,AA,0
Sergio,Snarr,P,SCRN,ML,2
Jeremy,Mashburn,LF,BANG,AAA,0
Dennis,Washington,P,PORT,A,2
Jake,Stevenson,P,BILL,ML,3
Sydney,Barnes,P,OKC,AAA,0
William,Hernandez,P,BANG,A,0
Crowley,Meratyn,P,ELP,ML,2
Omar,Conoropo,RF,SAV,A,4
Klaus,Hargreeves,P,LYNC,ML,10
Rich,Freymuth,P,Free Agent,A,0
Herman,Finley,P,SCRN,A,0
Stuart,Williams,P,Free Agent,A,0
Gary,Holsapple,P,Free Agent,A,0
Jerry,Ramer,P,MAIN,AA,0
Brent,Vayda,3B,SUGR,AAA,0
Gerald,Ruffner,LF,SAV,AA,0
Dan,Back,P,ROCK,AAA,0
Jared,Mark,P,BILL,A,3
Eduardo,Anzures,P,OKC,ML,1
Walter,Miller,P,CASP,ML,0
Joe,Oltrogge,P,ALTO,A,0
Darius,Albert,3B,ROCK,AAA,0
Chris,Maynard,P,IDA,ML,8
Walt,Thoroughman,P,TIJ,A,0
Jason,Carlos,P,Free Agent,A,0
Malcolm,Carter,P,BANG,A,0
John,Umbach,P,ALTO,AAA,0
Zachary,McMurrey,P,Free Agent,A,0
Ed,Furgason,P,Free Agent,A,0
Dan,Spero,P,WISC,AA,0
Jim,Coleman,P,Free Agent,A,0
Jim,Bessmer,LF,SAV,AAA,0
Albert,DeSalvo,P,MIDL,A,11
Paul,Nhek,SS,SUGR,ML,0
Dennis,Blehm,CF,LAKE,AA,0
Cecil,Papps,P,MAHO,A,0
Craig,Foster,3B,HART,AA,0
Darren,Linander,C,PEOR,AAA,0
Roger,Tokich,CF,Free Agent,A,0
Charles,Zacharias,CF,Free Agent,A,0
Petey,Sessoms,CF,LOUI,ML,7
Kevin,Villalona,C,LAKE,ML,1
Tug,Leisher,3B,CHAT,A,0
Billy,Roselle,1B,LYNC,AA,0
Jesse,Booker,P,Free Agent,A,12
Ian,Bible,RF,SUGR,AA,0
Jim,Helger,P,OMA,AA,0
John,Poehler,2B,LOUI,A,0
Roosevelt,Lucas,LF,HART,ML,2
Alexander,Bryant,C,LAKE,A,0
Dave,Pulido,LF,AMAR,A,0
Ricardo,Chang,3B,CHAT,AA,0
Robert,Lantzy,SS,ROCK,A,0
Keaton,McCaul,CF,SUGR,A,0
Danny,Allen,RF,SCRN,AAA,0
John,Bryce,3B,BOW,AA,0
Ronnie,Song,1B,MAHO,A,0
Allen,Elliot,C,OMA,A,16
Wade,House,LF,Free Agent,A,0
Dwight,Scircle,LF,Free Agent,A,2
Jeffery,Brimfield,C,ALTO,ML,1
Louis,Babineaux,3B,ELP,ML,7
Milford,Martz,P,BILL,A,3
Clarence,Stevens,P,EDMO,AAA,0
Ron,Hughes,P,LAKE,AAA,0
Bill,Korn,1B,HART,ML,1
Frank,Martin,1B,MAHO,ML,0
Ed,McConnell,C,MAHO,AAA,0
Joe,Baisden,LF,MIDL,AA,0
Jeffrey,Kaase,P,BOW,ML,9
Raymond,Ramis,P,EDMO,ML,3
Roy,Kent,P,LOUI,ML,4
Bob,Brown,P,SUGR,AAA,0
Robert,Macklin,P,ROCK,ML,2
Darby,Manor,P,LOUI,AA,0
Harry,Sauro,1B,BANG,ML,5
Donovan,Danhausen,P,WISC,ML,2
Teodoro,St. Croix,C,BANG,AA,0
Tim,Cimo,P,SCRN,AA,0
Arthur,Howard,P,ALTO,AAA,0
Warren,Porter,3B,SAV,AAA,0
Howie,Stjean,C,LOUI,ML,1
Ken,Allen,LF,LOUI,AAA,0
Court,Hagenaars,P,PORT,ML,3
Fred,Wow,1B,MIDL,A,6
Markus,Sandoval,P,MAIN,ML,0
Mike,Edwards,P,ELP,ML,2
Charlie,Tobar,P,OMA,ML,3
John,Grant,3B,AMAR,ML,4
Gerald,Pugh,P,SAV,ML,1
Cameron,White,LF,LYNC,AA,0
Irwin,Stem,P,SCRN,AA,0
Al,Febrey,LF,LOUI,ML,2
Clyde,Jones,C,CORP,ML,0
Jim,Lavoie,RF,MAHO,AAA,0
Howard,Besch,C,SAV,AA,0
Mike,Cook,P,CHAT,AA,0
Joshua,Schwander,P,WISC,AA,0
Cedric,Elkins,P,IDA,A,8
Jarrett,Loyd,3B,CASP,AAA,0
Edgar,Hill,3B,TIJ,ML,4
Archibald,Hayes,P,BOW,ML,2
Bernard,Leong,SS,BILL,ML,8
Will,Mill,P,MAHO,ML,0
Ben,Kaplun,P,MIDL,ML,3
Donald,Harris,2B,CORP,AAA,0
Alberto,Scardino,C,EDMO,ML,3
B.J.,Blazkowicz,SS,LYNC,ML,1
Dave,Oddo,RF,BILL,AAA,0
Larry,Nickelson,P,CORP,A,3
George,Knouff,1B,OKC,ML,2
John,Page,P,HART,AA,0
Chris,Reyes,P,LOUI,AAA,0
Paul,Jennings,P,PORT,ML,3
Jadon,Hawthorn,P,OMA,AAA,0
Pete,Kelley,P,EDMO,ML,2
Dennis,Rodman,P,ROCK,ML,2
Joe,Morgan,P,BANG,AAA,0
Jim,Weimar,P,LYNC,ML,2
Willie,Goodwill,2B,SCRN,AA,0
Charlie,Kuhns,RF,SUGR,AAA,0
Chris,Silva,1B,ROCK,ML,0
Champ,Hockey,RF,SJ,ML,4
Freddy,Sagi,RF,LYNC,AA,0
Ken,Griffey VII,CF,RICH,ML,4
Joe,Wizwer,1B,HART,AAA,0
Paul,Vendela,P,BILL,ML,3
Mike,Medina,CF,ALTO,AAA,0
Steve,Mante,P,AMAR,ML,5
Dayton,Baker,3B,BOW,AAA,0
LeRon,Johnson,1B,SAV,ML,1
Harold,Wayman,2B,SJ,ML,1
Raul,Thavichith,1B,HART,AAA,0
Bert,Browning,P,OKC,ML,3
Mike,McLusky,P,MAIN,ML,2
Paul,Bryant,P,EDMO,ML,3
Jeremy,Sanchez,P,MAHO,AAA,0
Guadalupe,Diaz,P,LOUI,ML,1
Jeffrey,Burt,P,CHAT,AAA,0
Bill,Slovick,P,MAIN,AAA,0
Rodney,Ross,RF,CASP,ML,1
Joshua,Samo,2B,BILL,ML,1
Danny,Lesnick,LF,SUGR,AAA,0
Marcus,Skundrich,RF,BILL,ML,2
